"TBLID","PROFLN","STUB","cest_07","cse_07","cest_06","cse_06","pub_sig90"
"DP02",0.0,,,,,,
"DP02",0.5,,,,,,
"DP02",0.8,,,,,,
"DP02",1.0,"Total households","239,062","2,988","251,746","2,562","*"
"DP02",2.0,"Family households (families)","63.3%","1.0","57.4%","1.0","*"
"DP02",3.0,"With own children under 18 years","31.1%","1.0","26.7%","0.9","*"
"DP02",4.0,"Married-couple family","38.1%","1.1","35.7%","0.9","*"
"DP02",5.0,"With own children under 18 years","16.9%","0.8","14.8%","0.7","*"
"DP02",6.0,"Male householder, no wife present, family","6.0%","0.6","5.5%","0.5",
"DP02",7.0,"With own children under 18 years","2.3%","0.4","2.3%","0.4",
"DP02",8.0,"Female householder, no husband present, family","19.2%","0.9","16.3%","0.6","*"
"DP02",9.0,"With own children under 18 years","11.9%","0.7","9.6%","0.6","*"
"DP02",10.0,"Nonfamily households","36.7%","1.0","42.6%","1.0","*"
"DP02",11.0,"Householder living alone","29.4%","0.9","34.4%","1.0","*"
"DP02",12.0,"65 years and over","5.1%","0.3","5.2%","0.4",
"DP02",12.3,,,,,,
"DP02",13.0,"Households with one or more people under 18 years","36.3%","1.0","31.0%","0.9","*"
"DP02",14.0,"Households with one or more people 65 years and over","14.3%","0.4","15.0%","0.4",
"DP02",14.3,,,,,,
"DP02",15.0,"Average household size","2.83","**","2.65","**","*"
"DP02",16.0,"Average family size","3.54","**","3.50","**",
"DP02",16.3,,,,,,
"DP02",16.5,"RELATIONSHIP",,,,,
"DP02",17.0,"Population in households","676,693","8,550","666,133","4,717",
"DP02",18.0,"Householder","35.3%","0.4","37.8%","0.3","*"
"DP02",19.0,"Spouse","13.4%","0.4","13.4%","0.4",
"DP02",20.0,"Child","31.7%","0.6","30.0%","0.6","*"
"DP02",21.0,"Other relatives","11.8%","0.7","10.9%","0.7",
"DP02",22.0,"Nonrelatives","7.8%","0.5","7.9%","0.6",
"DP02",23.0,"Unmarried partner","2.1%","0.2","2.0%","0.2",
"DP02",23.3,,,,,,
"DP02",23.5,"MARITAL STATUS",,,,,
"DP02",24.0,"Males 15 years and over","262,390","3,931","258,233","2,196",
"DP02",25.0,"Never married","42.9%","1.0","43.5%","1.1",
"DP02",26.0,"Now married, except separated","43.4%","1.2","42.1%","1.2",
"DP02",27.0,"Separated","3.3%","0.5","3.7%","0.5",
"DP02",28.0,"Widowed","2.0%","0.3","1.9%","0.3",
"DP02",29.0,"Divorced","8.4%","0.7","8.8%","0.7",
"DP02",29.3,,,,,,
"DP02",30.0,"Females 15 years and over","274,621","3,189","278,107","1,923",
"DP02",31.0,"Never married","35.9%","0.9","38.7%","0.8","*"
"DP02",32.0,"Now married, except separated","36.5%","0.9","34.6%","1.0",
"DP02",33.0,"Separated","4.2%","0.4","4.0%","0.5",
"DP02",34.0,"Widowed","7.2%","0.5","8.0%","0.5",
"DP02",35.0,"Divorced","16.3%","0.8","14.8%","0.7",
"DP02",35.3,,,,,,
"DP02",35.5,"FERTILITY",,,,,
"DP02",36.0,"Number of women 15 to 50 years old who had a birth in the past 12 months","10,621","1,216","9,469","1,047",
"DP02",37.0,"Unmarried women (widowed, divorced, and never married)","50.9%","5.4","51.0%","5.7",
"DP02",38.0,"Per 1,000 unmarried women","47","**","40","**",
"DP02",39.0,"Per 1,000 women 15 to 50 years old","57","**","51","**",
"DP02",40.0,"Per 1,000 women 15 to 19 years old","42","**","42","**",
"DP02",41.0,"Per 1,000 women 20 to 34 years old","108","**","84","**",
"DP02",42.0,"Per 1,000 women 35 to 50 years old","20","**","27","**",
"DP02",42.3,,,,,,
"DP02",42.5,"GRANDPARENTS",,,,,
"DP02",43.0,"Number of grandparents living with own grandchildren under 18 years","20,585","1,874","16,747","1,659",
"DP02",44.0,"Responsible for grandchildren","44.3%","4.4","40.3%","5.2",
"DP02",44.9,"Years responsible for grandchildren",,,,,
"DP02",45.0,"Less than 1 year","9.5%","2.9","10.8%","3.5",
"DP02",46.0,"1 or 2 years","6.6%","2.5","9.8%","2.7",
"DP02",47.0,"3 or 4 years","10.7%","2.9","7.9%","2.6",
"DP02",48.0,"5 or more years","17.6%","3.6","11.8%","2.5",
"DP02",48.3,,,,,,
"DP02",48.5,"Characteristics of grandparents responsible for own grandchildren under 18 years",,,,,
"DP02",49.0,"Who are female","66.6","**","72.3","**",
"DP02",50.0,"Who are married","58.1","**","58.9","**",
"DP02",50.3,,,,,,
"DP02",50.5,"SCHOOL ENROLLMENT",,,,,
"DP02",51.0,"Population 3 years and over enrolled in school","174,528","4,193","182,136","3,584",
"DP02",52.0,"Nursery school, preschool","6.1%","0.7","8.3%","0.8","*"
"DP02",53.0,"Kindergarten","5.9%","0.6","4.0%","0.4","*"
"DP02",54.0,"Elementary school (grades 1-8)","41.2%","1.3","41.7%","0.9",
"DP02",55.0,"High school (grades 9-12)","22.3%","0.9","21.2%","0.8",
"DP02",56.0,"College or graduate school","24.5%","1.2","24.8%","0.8",
"DP02",56.3,,,,,,
"DP02",56.5,"EDUCATIONAL ATTAINMENT",,,,,
"DP02",57.0,"Population 25 years and over","445,867","5,061","445,046","2,909",
"DP02",58.0,"Less than 9th grade","8.4%","0.6","6.5%","0.5","*"
"DP02",59.0,"9th to 12th grade, no diploma","8.2%","0.6","7.5%","0.5",
"DP02",60.0,"High school graduate (includes equivalency)","26.5%","0.8","25.2%","0.8",
"DP02",61.0,"Some college, no degree","20.5%","0.7","18.2%","0.6","*"
"DP02",62.0,"Associate's degree","7.1%","0.5","6.8%","0.5",
"DP02",63.0,"Bachelor's degree","18.5%","0.6","23.1%","0.7","*"
"DP02",64.0,"Graduate or professional degree","10.9%","0.5","12.8%","0.5","*"
"DP02",64.3,,,,,,
"DP02",65.0,"Percent high school graduate or higher","83.3","**","86.0","**","*"
"DP02",66.0,"Percent bachelor's degree or higher","29.3","**","35.9","**","*"
"DP02",66.3,,,,,,
"DP02",66.5,"VETERAN STATUS",,,,,
"DP02",67.0,"Civilian population 18 years and over","507,340","5,309","508,007","3,294",
"DP02",68.0,"Civilian veterans","39,049","1,712","44,501","1,940","*"
"DP02",68.3,,,,,,
"DP02",68.5,"DISABILITY STATUS OF THE CIVILIAN NONINSTITUTIONALIZED POPULATION",,,,,
"DP02",69.0,"Population 5 years and over","622,722","7,341","618,845","4,240",
"DP02",70.0,"With a disability","12.0%","0.5","12.8%","0.5",
"DP02",70.3,,,,,,
"DP02",71.0,"Population 5 to 15 years","99,991","2,937","100,515","1,717",
"DP02",72.0,"With a disability","3.2%","0.7","6.1%","0.9","*"
"DP02",72.3,,,,,,
"DP02",73.0,"Population 16 to 64 years","474,472","5,222","465,967","3,414",
"DP02",74.0,"With a disability","11.2%","0.6","11.2%","0.5",
"DP02",74.3,,,,,,
"DP02",75.0,"Population 65 years and over","48,259","1,281","52,363","704","*"
"DP02",76.0,"With a disability","38.1%","2.3","39.7%","2.0",
"DP02",76.3,,,,,,
"DP02",76.5,"RESIDENCE 1 YEAR AGO",,,,,
"DP02",77.0,"Population 1 year and over","671,113","8,300","671,157","4,668",
"DP02",78.0,"Same house","79.4%","0.9","77.3%","1.0",
"DP02",79.0,"Different house in the U.S.","19.7%","0.9","21.2%","0.8",
"DP02",80.0,"Same county","11.3%","0.8","10.6%","0.7",
"DP02",81.0,"Different county","8.4%","0.6","10.6%","0.7","*"
"DP02",82.0,"Same state","5.3%","0.4","6.4%","0.6",
"DP02",83.0,"Different state","3.2%","0.4","4.2%","0.4","*"
"DP02",84.0,"Abroad","0.9%","0.2","1.5%","0.3",
"DP02",84.3,,,,,,
"DP02",84.5,"PLACE OF BIRTH",,,,,
"DP02",85.0,"Total population","682,943","8,517","683,079","4,738",
"DP02",86.0,"Native","79.4%","0.7","83.0%","0.6","*"
"DP02",87.0,"Born in United States","78.4%","0.7","82.0%","0.6","*"
"DP02",88.0,"State of residence","43.6%","0.8","44.3%","0.9",
"DP02",89.0,"Different state","34.8%","0.9","37.7%","0.7","*"
"DP02",90.0,"Born in Puerto Rico, U.S. Island areas, or born abroad to American parent(s)","0.9%","0.1","1.0%","0.1",
"DP02",91.0,"Foreign born","20.6%","0.7","17.0%","0.6","*"
"DP02",91.3,,,,,,
"DP02",91.5,"U.S. CITIZENSHIP STATUS",,,,,
"DP02",92.0,"Foreign-born population","141,005","5,776","115,845","4,400","*"
"DP02",93.0,"Naturalized U.S. citizen","28.1%","1.8","31.9%","2.1",
"DP02",94.0,"Not a U.S. citizen","71.9%","1.8","68.1%","2.1",
"DP02",94.3,,,,,,
"DP02",94.5,"YEAR OF ENTRY",,,,,
"DP02",95.0,"Population born outside the United States","147,208","5,799","122,974","4,553","*"
"DP02",95.3,,,,,,
"DP02",96.0,"Native","6,203","944","7,129","846",
"DP02",97.0,"Entered 2000 or later","17.1%","5.8","13.1%","4.8",
"DP02",98.0,"Entered before 2000","82.9%","5.8","86.9%","4.8",
"DP02",98.3,,,,,,
"DP02",99.0,"Foreign born","141,005","5,776","115,845","4,400","*"
"DP02",100.0,"Entered 2000 or later","44.5%","2.1","42.5%","3.1",
"DP02",101.0,"Entered before 2000","55.5%","2.1","57.5%","3.1",
"DP02",101.3,,,,,,
"DP02",101.5,"WORLD REGION OF BIRTH OF FOREIGN BORN",,,,,
"DP02",102.0,"Foreign-born population, excluding population born at sea","141,005","5,776","115,845","4,400","*"
"DP02",103.0,"Europe","3.2%","0.6","7.2%","1.2","*"
"DP02",104.0,"Asia","19.6%","1.3","21.3%","1.3",
"DP02",105.0,"Africa","13.7%","1.7","15.8%","2.2",
"DP02",106.0,"Oceania","0.2%","0.1","0.0%","0.1",
"DP02",107.0,"Latin America","62.8%","1.8","54.9%","2.0","*"
"DP02",108.0,"Northern America","0.5%","0.2","0.7%","0.2",
"DP02",108.3,,,,,,
"DP02",108.5,"LANGUAGE SPOKEN AT HOME",,,,,
"DP02",109.0,"Population 5 years and over","628,704","7,328","628,256","4,183",
"DP02",110.0,"English only","77.2%","0.9","81.0%","0.7","*"
"DP02",111.0,"Language other than English","22.8%","0.9","19.0%","0.7","*"
"DP02",112.0,"Speak English less than ""very well""","14.1%","0.7","9.8%","0.6","*"
"DP02",113.0,"Spanish","13.6%","0.6","9.9%","0.4","*"
"DP02",114.0,"Speak English less than ""very well""","9.6%","0.6","6.2%","0.5","*"
"DP02",115.0,"Other Indo-European languages","3.0%","0.3","3.3%","0.3",
"DP02",116.0,"Speak English less than ""very well""","1.1%","0.2","1.0%","0.2",
"DP02",117.0,"Asian and Pacific Islander languages","3.6%","0.3","3.1%","0.4",
"DP02",118.0,"Speak English less than ""very well""","2.1%","0.2","1.6%","0.3",
"DP02",119.0,"Other languages","2.5%","0.4","2.6%","0.4",
"DP02",120.0,"Speak English less than ""very well""","1.3%","0.3","1.0%","0.2",
"DP02",120.3,,,,,,
"DP02",120.5,"ANCESTRY",,,,,
"DP02",121.0,"Total population","682,943","8,517","683,079","4,738",
"DP02",122.0,"American","3.6%","0.4","3.4%","0.3",
"DP02",123.0,"Arab","0.2%","0.1","0.4%","0.1",
"DP02",124.0,"Czech","0.1%","0.1","0.1%","0.1",
"DP02",125.0,"Danish","0.1%","0.1","0.0%","0.1",
"DP02",126.0,"Dutch","0.4%","0.1","0.7%","0.1","*"
"DP02",127.0,"English","4.6%","0.4","6.7%","0.3","*"
"DP02",128.0,"French (except Basque)","1.1%","0.2","1.6%","0.2","*"
"DP02",129.0,"French Canadian","0.0%","0.1","0.3%","0.1","*"
"DP02",130.0,"German","3.8%","0.3","5.0%","0.3","*"
"DP02",131.0,"Greek","0.2%","0.1","0.3%","0.1",
"DP02",132.0,"Hungarian","0.1%","0.1","0.2%","0.1",
"DP02",133.0,"Irish","4.3%","0.4","5.2%","0.4","*"
"DP02",134.0,"Italian","1.1%","0.2","1.7%","0.2","*"
"DP02",135.0,"Lithuanian","0.1%","0.1","0.1%","0.1",
"DP02",136.0,"Norwegian","0.2%","0.1","0.3%","0.1",
"DP02",137.0,"Polish","0.6%","0.1","1.0%","0.1","*"
"DP02",138.0,"Portuguese","0.1%","0.1","0.1%","0.1",
"DP02",139.0,"Russian","0.3%","0.1","1.2%","0.3","*"
"DP02",140.0,"Scotch-Irish","1.4%","0.2","1.8%","0.2",
"DP02",141.0,"Scottish","1.0%","0.2","1.5%","0.2","*"
"DP02",142.0,"Slovak","0.0%","0.1","0.1%","0.1",
"DP02",143.0,"Subsaharan African","4.1%","0.5","4.3%","0.4",
"DP02",144.0,"Swedish","0.3%","0.1","0.4%","0.1",
"DP02",145.0,"Swiss","0.1%","0.1","0.1%","0.1",
"DP02",146.0,"Ukrainian","0.1%","0.1","0.2%","0.1",
"DP02",147.0,"Welsh","0.3%","0.1","0.3%","0.1",
"DP02",148.0,"West Indian (excluding Hispanic origin groups)","2.6%","0.3","2.7%","0.3",
"DP03",0.0,,,,,,
"DP03",0.5,,,,,,
"DP03",0.8,,,,,,
"DP03",1.0,"Population 16 years and over","528,713","5,464","527,128","3,407",
"DP03",2.0,"In labor force","72.5%","0.6","71.1%","0.6","*"
"DP03",3.0,"Civilian labor force","72.4%","0.6","71.0%","0.6",
"DP03",4.0,"Employed","65.3%","0.7","64.5%","0.7",
"DP03",5.0,"Unemployed","7.0%","0.5","6.4%","0.4",
"DP03",6.0,"Armed Forces","0.1%","0.1","0.1%","0.1",
"DP03",7.0,"Not in labor force","27.5%","0.6","28.9%","0.6","*"
"DP03",7.3,,,,,,
"DP03",8.0,"Civilian labor force","382,529","4,958","374,052","4,186",
"DP03",9.0,"Unemployed","9.7","**","9.0","**",
"DP03",9.3,,,,,,
"DP03",10.0,"Females 16 years and over","270,340","3,052","273,923","1,992",
"DP03",11.0,"In labor force","68.0%","0.9","66.7%","0.9",
"DP03",12.0,"Civilian labor force","68.0%","0.9","66.6%","0.9",
"DP03",13.0,"Employed","61.3%","1.0","59.8%","0.9",
"DP03",13.3,,,,,,
"DP03",14.0,"Own children under 6 years","60,537","2,808","58,908","1,850",
"DP03",15.0,"All parents in family in labor force","65.0%","3.3","64.7%","3.2",
"DP03",15.3,,,,,,
"DP03",16.0,"Own children 6 to 17 years","101,081","3,285","97,276","2,061",
"DP03",17.0,"All parents in family in labor force","77.0%","2.8","77.9%","2.3",
"DP03",17.3,,,,,,
"DP03",17.5,"COMMUTING TO WORK",,,,,
"DP03",18.0,"Workers 16 years and over","334,390","4,936","328,343","4,773",
"DP03",19.0,"Car, truck, or van -- drove alone","70.5%","1.2","73.7%","0.9","*"
"DP03",20.0,"Car, truck, or van -- carpooled","12.5%","0.9","10.5%","0.7","*"
"DP03",21.0,"Public transportation (excluding taxicab)","7.5%","0.7","7.7%","0.6",
"DP03",22.0,"Walked","2.0%","0.5","1.7%","0.5",
"DP03",23.0,"Other means","4.2%","0.6","2.1%","0.5","*"
"DP03",24.0,"Worked at home","3.3%","0.3","4.2%","0.3","*"
"DP03",24.3,,,,,,
"DP03",25.0,"Mean travel time to work (minutes)","33.6","**","32.1","**","*"
"DP03",25.3,,,,,,
"DP03",25.5,"OCCUPATION",,,,,
"DP03",26.0,"Civilian employed population 16 years and over","345,327","4,805","340,212","4,572",
"DP03",27.0,"Management, professional, and related occupations","32.4%","0.9","38.3%","1.0","*"
"DP03",28.0,"Service occupations","16.7%","0.8","14.8%","0.8","*"
"DP03",29.0,"Sales and office occupations","27.2%","0.9","25.9%","0.9",
"DP03",30.0,"Farming, fishing, and forestry occupations","0.0%","0.1","0.1%","0.1",
"DP03",31.0,"Construction, extraction, maintenance and repair occupations","12.3%","0.9","9.2%","0.7","*"
"DP03",32.0,"Production, transportation, and material moving occupations","11.3%","0.8","11.6%","0.7",
"DP03",32.3,,,,,,
"DP03",32.5,"INDUSTRY",,,,,
"DP03",33.0,"Civilian employed population 16 years and over","345,327","4,805","340,212","4,572",
"DP03",34.0,"Agriculture, forestry, fishing and hunting, and mining","0.0%","0.1","0.1%","0.1",
"DP03",35.0,"Construction","11.2%","1.0","8.2%","0.7","*"
"DP03",36.0,"Manufacturing","6.8%","0.5","6.9%","0.4",
"DP03",37.0,"Wholesale trade","3.0%","0.4","3.7%","0.4",
"DP03",38.0,"Retail trade","12.9%","0.8","10.3%","0.6","*"
"DP03",39.0,"Transportation and warehousing, and utilities","5.9%","0.4","6.8%","0.5",
"DP03",40.0,"Information","4.2%","0.4","4.7%","0.4",
"DP03",41.0,"Finance and insurance, and real estate and rental and leasing","7.2%","0.5","7.7%","0.5",
"DP03",42.0,"Professional, scientific, and management, and administrative and waste management services","11.6%","0.7","14.2%","0.7","*"
"DP03",43.0,"Educational services, and health care and social assistance","18.8%","0.6","18.2%","0.7",
"DP03",44.0,"Arts, entertainment, and recreation, and accommodation, and food services","7.6%","0.6","8.1%","0.6",
"DP03",45.0,"Other services, except public administration","4.9%","0.4","5.1%","0.5",
"DP03",46.0,"Public administration","5.8%","0.4","5.7%","0.5",
"DP03",46.3,,,,,,
"DP03",46.5,"CLASS OF WORKER",,,,,
"DP03",47.0,"Civilian employed population 16 years and over","345,327","4,805","340,212","4,572",
"DP03",48.0,"Private wage and salary workers","78.9%","1.0","79.9%","1.0",
"DP03",49.0,"Government workers","15.7%","0.8","14.1%","0.7",
"DP03",50.0,"Self-employed workers in own not incorporated business","5.2%","0.6","5.8%","0.6",
"DP03",51.0,"Unpaid family workers","0.3%","0.1","0.2%","0.1",
"DP03",51.3,,,,,,
"DP03",51.5,"INCOME AND BENEFITS (IN 2007 INFLATION-ADJUSTED DOLLARS)",,,,,
"DP03",52.0,"Total households","239,062","2,988","251,746","2,562","*"
"DP03",53.0,"Less than $10,000","7.0%","0.6","6.9%","0.5",
"DP03",54.0,"$10,000 to $14,999","4.6%","0.4","5.3%","0.5",
"DP03",55.0,"$15,000 to $24,999","11.3%","0.8","9.8%","0.5","*"
"DP03",56.0,"$25,000 to $34,999","11.9%","0.6","10.9%","0.6",
"DP03",57.0,"$35,000 to $49,999","16.3%","0.9","15.8%","0.8",
"DP03",58.0,"$50,000 to $74,999","21.3%","0.9","20.6%","0.9",
"DP03",59.0,"$75,000 to $99,999","11.2%","0.6","12.1%","0.7",
"DP03",60.0,"$100,000 to $149,999","10.9%","0.6","10.6%","0.4",
"DP03",61.0,"$150,000 to $199,999","3.1%","0.3","3.8%","0.3",
"DP03",62.0,"$200,000 or more","2.5%","0.3","4.2%","0.4","*"
"DP03",63.0,"Median household income (dollars)","48,327","1,546","51,294","1,055",
"DP03",64.0,"Mean household income (dollars)","62,105","1,027","67,429","1,145","*"
"DP03",64.3,,,,,,
"DP03",65.0,"With earnings","88.0%","0.5","86.9%","0.7",
"DP03",66.0,"Mean earnings (dollars)","61,319","974","67,219","1,351","*"
"DP03",67.0,"With Social Security","17.9%","0.6","17.2%","0.6",
"DP03",68.0,"Mean Social Security income (dollars)","13,679","319","13,939","305",
"DP03",69.0,"With retirement income","13.2%","0.6","12.9%","0.6",
"DP03",70.0,"Mean retirement income (dollars)","21,577","1,178","21,350","941",
"DP03",70.3,,,,,,
"DP03",71.0,"With Supplemental Security Income","2.3%","0.3","2.4%","0.3",
"DP03",72.0,"Mean Supplemental Security Income (dollars)","7,906","609","8,152","576",
"DP03",73.0,"With cash public assistance income","1.0%","0.2","1.6%","0.3","*"
"DP03",74.0,"Mean cash public assistance income (dollars)","1,635","307","2,879","512","*"
"DP03",75.0,"With Food Stamp benefits in the past 12 months","7.2%","0.6","5.7%","0.5","*"
"DP03",75.3,,,,,,
"DP03",76.0,"Families","151,303","2,979","144,528","2,743","*"
"DP03",77.0,"Less than $10,000","5.4%","0.6","4.4%","0.5",
"DP03",78.0,"$10,000 to $14,999","3.5%","0.5","4.0%","0.6",
"DP03",79.0,"$15,000 to $24,999","10.0%","0.8","8.7%","0.7",
"DP03",80.0,"$25,000 to $34,999","10.6%","0.9","8.9%","0.8",
"DP03",81.0,"$35,000 to $49,999","14.6%","1.0","15.3%","1.0",
"DP03",82.0,"$50,000 to $74,999","21.2%","1.0","19.7%","1.1",
"DP03",83.0,"$75,000 to $99,999","13.2%","0.8","14.2%","1.0",
"DP03",84.0,"$100,000 to $149,999","13.8%","0.9","13.4%","0.7",
"DP03",85.0,"$150,000 to $199,999","4.3%","0.5","5.6%","0.5","*"
"DP03",86.0,"$200,000 or more","3.5%","0.4","5.9%","0.6","*"
"DP03",87.0,"Median family income (dollars)","55,312","1,522","60,949","1,689","*"
"DP03",88.0,"Mean family income (dollars)","71,360","1,575","79,126","1,758","*"
"DP03",88.3,,,,,,
"DP03",89.0,"Per capita income (dollars)","23,544","410","26,510","424","*"
"DP03",89.3,,,,,,
"DP03",90.0,"Nonfamily households","87,759","2,632","107,218","2,750","*"
"DP03",91.0,"Median nonfamily income (dollars)","36,101","1,695","39,389","1,238",
"DP03",92.0,"Mean nonfamily income (dollars)","43,057","1,236","49,858","1,376","*"
"DP03",92.3,,,,,,
"DP03",93.0,"Median earnings for workers (dollars)","27,465","650","30,143","532","*"
"DP03",93.5,"PERCENTAGE OF FAMILIES AND PEOPLE WHOSE INCOME IN THE PAST 12 MONTHS IS BELOW THE POVERTY LEVEL",,,,,
"DP03",94.0,"Median earnings for male full-time, year-round workers (dollars)","37,066","791","40,601","724","*"
"DP03",95.0,"Median earnings for female full-time, year-round workers (dollars)","35,528","869","37,814","939","*"
"DP03",95.3,,,,,,
"DP03",96.0,"All families","11.6","**","9.7","**",
"DP03",97.0,"With related children under 18 years","18.3","**","15.5","**",
"DP03",98.0,"With related children under 5 years only","22.2","**","13.1","**","*"
"DP03",99.0,"Married couple families","5.0","**","4.8","**",
"DP03",100.0,"With related children under 18 years","7.4","**","6.5","**",
"DP03",101.0,"With related children under 5 years only","12.4","**","3.4","**","*"
"DP03",102.0,"Families with female householder, no husband present","22.5","**","19.4","**",
"DP03",103.0,"With related children under 18 years","28.8","**","25.8","**",
"DP03",104.0,"With related children under 5 years only","41.3","**","29.8","**",
"DP03",104.2,,,,,,
"DP03",105.0,"All people","14.6","**","14.1","**",
"DP03",106.0,"Under 18 years","23.5","**","22.2","**",
"DP03",107.0,"Related children under 18 years","23.2","**","21.3","**",
"DP03",108.0,"Related children under 5 years","27.7","**","22.0","**",
"DP03",109.0,"Related children 5 to 17 years","21.2","**","20.9","**",
"DP03",110.0,"18 years and over","11.6","**","11.3","**",
"DP03",111.0,"18 to 64 years","12.1","**","11.6","**",
"DP03",112.0,"65 years and over","7.2","**","9.1","**",
"DP03",113.0,"People in families","13.6","**","12.5","**",
"DP03",114.0,"Unrelated individuals 15 years and over","18.7","**","19.2","**",
"DP04",0.0,,,,,,
"DP04",0.5,,,,,,
"DP04",0.8,,,,,,
"DP04",1.0,"Total housing units","276,052","2,636","283,322","1,643","*"
"DP04",2.0,"Occupied housing units","86.6%","0.8","88.9%","0.7","*"
"DP04",3.0,"Vacant housing units","13.4%","0.8","11.1%","0.7","*"
"DP04",3.3,,,,,,
"DP04",4.0,"Homeowner vacancy rate","4.8","**","3.6","**",
"DP04",5.0,"Rental vacancy rate","12.6","**","11.2","**",
"DP04",5.3,,,,,,
"DP04",5.5,"UNITS IN STRUCTURE",,,,,
"DP04",6.0,"Total housing units","276,052","2,636","283,322","1,643","*"
"DP04",7.0,"1-unit, detached","59.3%","1.0","56.0%","0.7","*"
"DP04",8.0,"1-unit, attached","5.6%","0.4","5.7%","0.4",
"DP04",9.0,"2 units","1.4%","0.2","1.0%","0.2",
"DP04",10.0,"3 or 4 units","3.7%","0.4","4.6%","0.4",
"DP04",11.0,"5 to 9 units","11.3%","0.6","14.6%","0.7","*"
"DP04",12.0,"10 to 19 units","11.1%","0.7","10.1%","0.6",
"DP04",13.0,"20 or more units","6.6%","0.5","7.6%","0.5",
"DP04",14.0,"Mobile home","1.0%","0.2","0.3%","0.1","*"
"DP04",15.0,"Boat, RV, van, etc.","0.1%","0.1","0.0%","0.1",
"DP04",15.3,,,,,,
"DP04",15.5,"YEAR STRUCTURE BUILT",,,,,
"DP04",16.0,"Total housing units","276,052","2,636","283,322","1,643","*"
"DP04",17.0,"Built 2005 or later","3.7%","0.4","1.5%","0.2","*"
"DP04",18.0,"Built 2000 to 2004","10.3%","0.6","11.3%","0.6",
"DP04",19.0,"Built 1990 to 1999","15.4%","0.7","15.3%","0.8",
"DP04",20.0,"Built 1980 to 1989","23.9%","1.0","20.1%","0.7","*"
"DP04",21.0,"Built 1970 to 1979","19.8%","0.9","20.8%","0.9",
"DP04",22.0,"Built 1960 to 1969","14.5%","0.7","16.5%","0.8","*"
"DP04",23.0,"Built 1950 to 1959","8.0%","0.6","8.8%","0.5",
"DP04",24.0,"Built 1940 to 1949","2.3%","0.3","2.7%","0.3",
"DP04",25.0,"Built 1939 or earlier","2.1%","0.2","2.8%","0.3","*"
"DP04",25.3,,,,,,
"DP04",25.5,"ROOMS",,,,,
"DP04",26.0,"Total housing units","276,052","2,636","283,322","1,643","*"
"DP04",27.0,"1 room","0.2%","0.1","0.1%","0.1",
"DP04",28.0,"2 rooms","1.1%","0.2","1.2%","0.2",
"DP04",29.0,"3 rooms","8.1%","0.7","9.4%","0.5",
"DP04",30.0,"4 rooms","16.6%","0.8","16.7%","0.7",
"DP04",31.0,"5 rooms","19.6%","0.8","19.6%","0.7",
"DP04",32.0,"6 rooms","19.4%","0.8","18.7%","0.7",
"DP04",33.0,"7 rooms","13.6%","0.7","12.0%","0.5","*"
"DP04",34.0,"8 rooms","11.1%","0.6","11.0%","0.6",
"DP04",35.0,"9 rooms or more","10.3%","0.6","11.3%","0.6",
"DP04",36.0,"Median (rooms)","5.7","**","5.7","**",
"DP04",36.3,,,,,,
"DP04",36.5,"BEDROOMS",,,,,
"DP04",37.0,"Total housing units","276,052","2,636","283,322","1,643","*"
"DP04",38.0,"No bedroom","0.5%","0.1","0.1%","0.1","*"
"DP04",39.0,"1 bedroom","10.7%","0.7","13.2%","0.6","*"
"DP04",40.0,"2 bedrooms","27.4%","0.8","27.9%","0.8",
"DP04",41.0,"3 bedrooms","39.2%","1.1","34.9%","0.8","*"
"DP04",42.0,"4 bedrooms","16.3%","0.8","19.5%","0.6","*"
"DP04",43.0,"5 or more bedrooms","5.9%","0.4","4.4%","0.4","*"
"DP04",43.3,,,,,,
"DP04",43.5,"HOUSING TENURE",,,,,
"DP04",44.0,"Occupied housing units","239,062","2,988","251,746","2,562","*"
"DP04",45.0,"Owner-occupied","60.1%","1.1","59.4%","0.8",
"DP04",46.0,"Renter-occupied","39.9%","1.1","40.6%","0.8",
"DP04",46.3,,,,,,
"DP04",47.0,"Average household size of owner-occupied unit","2.74","**","2.65","**","*"
"DP04",48.0,"Average household size of renter-occupied unit","2.97","**","2.65","**","*"
"DP04",48.3,,,,,,
"DP04",48.5,"YEAR HOUSEHOLDER MOVED INTO UNIT",,,,,
"DP04",49.0,"Occupied housing units","239,062","2,988","251,746","2,562","*"
"DP04",50.0,"Moved in 2005 or later","36.6%","1.0","27.4%","1.0","*"
"DP04",51.0,"Moved in 2000 to 2004","25.3%","0.9","33.9%","1.1","*"
"DP04",52.0,"Moved in 1990 to 1999","21.8%","0.8","21.4%","0.8",
"DP04",53.0,"Moved in 1980 to 1989","8.6%","0.6","8.8%","0.5",
"DP04",54.0,"Moved in 1970 to 1979","5.2%","0.4","5.3%","0.4",
"DP04",55.0,"Moved in 1969 or earlier","2.4%","0.2","3.2%","0.3","*"
"DP04",55.3,,,,,,
"DP04",55.5,"VEHICLES AVAILABLE",,,,,
"DP04",56.0,"Occupied housing units","239,062","2,988","251,746","2,562","*"
"DP04",57.0,"No vehicles available","8.9%","0.7","8.6%","0.5",
"DP04",58.0,"1 vehicle available","38.9%","1.1","41.1%","1.0",
"DP04",59.0,"2 vehicles available","34.7%","1.2","36.2%","0.9",
"DP04",60.0,"3 or more vehicles available","17.4%","0.7","14.2%","0.6","*"
"DP04",60.3,,,,,,
"DP04",60.5,"HOUSE HEATING FUEL",,,,,
"DP04",61.0,"Occupied housing units","239,062","2,988","251,746","2,562","*"
"DP04",62.0,"Utility gas","66.3%","1.1","N","N","N"
"DP04",63.0,"Bottled, tank, or LP gas","1.0%","0.2","N","N","N"
"DP04",64.0,"Electricity","32.2%","1.1","N","N","N"
"DP04",65.0,"Fuel oil, kerosene, etc.","0.1%","0.1","N","N","N"
"DP04",66.0,"Coal or coke","0.0%","0.1","N","N","N"
"DP04",67.0,"Wood","0.2%","0.1","N","N","N"
"DP04",68.0,"Solar energy","0.0%","0.1","N","N","N"
"DP04",69.0,"Other fuel","0.0%","0.1","N","N","N"
"DP04",70.0,"No fuel used","0.1%","0.1","N","N","N"
"DP04",70.3,,,,,,
"DP04",70.5,"SELECTED CHARACTERISTICS",,,,,
"DP04",71.0,"Occupied housing units","239,062","2,988","251,746","2,562","*"
"DP04",72.0,"Lacking complete plumbing facilities","0.2%","0.1","0.2%","0.1",
"DP04",73.0,"Lacking complete kitchen facilities","0.3%","0.1","0.2%","0.1",
"DP04",74.0,"No telephone service available","6.8%","0.5","10.3%","0.7","*"
"DP04",74.3,,,,,,
"DP04",74.5,"OCCUPANTS PER ROOM",,,,,
"DP04",75.0,"Occupied housing units","239,062","2,988","251,746","2,562","*"
"DP04",76.0,"1.00 or less","97.1%","0.4","97.8%","0.4",
"DP04",77.0,"1.01 to 1.50","2.4%","0.4","1.7%","0.3",
"DP04",78.0,"1.51 or more","0.5%","0.1","0.4%","0.1",
"DP04",78.3,,,,,,
"DP04",78.5,"VALUE",,,,,
"DP04",79.0,"Owner-occupied units","143,675","2,768","149,654","2,473",
"DP04",80.0,"Less than $50,000","1.3%","0.3","0.5%","0.2","*"
"DP04",81.0,"$50,000 to $99,999","5.9%","0.6","4.7%","0.5","*"
"DP04",82.0,"$100,000 to $149,999","28.3%","1.0","26.2%","1.2",
"DP04",83.0,"$150,000 to $199,999","27.2%","1.2","23.3%","1.1","*"
"DP04",84.0,"$200,000 to $299,999","20.8%","1.0","18.6%","0.9",
"DP04",85.0,"$300,000 to $499,999","12.0%","0.7","19.5%","0.9","*"
"DP04",86.0,"$500,000 to $999,999","4.1%","0.4","6.5%","0.7","*"
"DP04",87.0,"$1,000,000 or more","0.4%","0.2","0.7%","0.3",
"DP04",88.0,"Median (dollars)","170,600","1,425","193,000","2,995","*"
"DP04",88.3,,,,,,
"DP04",88.5,"MORTGAGE STATUS AND SELECTED MONTHLY OWNER COSTS",,,,,
"DP04",89.0,"Owner-occupied units","143,675","2,768","149,654","2,473",
"DP04",90.0,"Housing units with a mortgage","118,440","2,930","123,547","2,552",
"DP04",91.0,"Less than $300","0.2%","0.1","0.1%","0.1",
"DP04",92.0,"$300 to $499","0.6%","0.2","0.8%","0.2",
"DP04",93.0,"$500 to $699","2.1%","0.5","1.6%","0.3",
"DP04",94.0,"$700 to $999","10.4%","0.9","9.1%","0.7",
"DP04",95.0,"$1,000 to $1,499","32.5%","1.4","28.9%","1.0","*"
"DP04",96.0,"$1,500 to $1,999","20.1%","1.1","21.0%","1.0",
"DP04",97.0,"$2,000 or more","16.5%","0.9","21.0%","1.1","*"
"DP04",98.0,"Median (dollars)","1,431","15","1,514","20","*"
"DP04",99.0,"Housing units without a mortgage","25,235","1,363","26,107","1,208",
"DP04",100.0,"Less than $100","0.0%","0.1","0.0%","0.1",
"DP04",101.0,"$100 to $199","1.1%","0.3","0.5%","0.2","*"
"DP04",102.0,"$200 to $299","2.9%","0.4","1.6%","0.3","*"
"DP04",103.0,"$300 to $399","4.8%","0.5","3.3%","0.4","*"
"DP04",104.0,"$400 or more","8.8%","0.7","12.0%","0.8","*"
"DP04",105.0,"Median (dollars)","400","**","496","**","*"
"DP04",105.3,,,,,,
"DP04",105.5,"SELECTED MONTHLY OWNER COSTS AS A PERCENTAGE OF HOUSEHOLD INCOME",,,,,
"DP04",106.0,"Owner-occupied units","143,675","2,768","149,654","2,473",
"DP04",107.0,"Housing unit with a mortgage","118,440","2,930","123,547","2,552",
"DP04",108.0,"Less than 20.0 percent","23.3%","1.0","25.6%","1.2",
"DP04",109.0,"20.0 to 24.9 percent","14.1%","1.1","13.1%","1.0",
"DP04",110.0,"25.0 to 29.9 percent","11.0%","0.9","10.4%","0.9",
"DP04",111.0,"30.0 to 34.9 percent","8.2%","0.7","8.7%","0.9",
"DP04",112.0,"35.0 percent or more","25.3%","1.2","23.5%","1.3",
"DP04",113.0,"Not computed","839","349","1,970","513","*"
"DP04",114.0,"Housing unit without a mortgage","25,235","1,363","26,107","1,208",
"DP04",115.0,"Less than 10.0 percent","8.1%","0.6","6.2%","0.5","*"
"DP04",116.0,"10.0 to 14.9 percent","3.5%","0.5","4.2%","0.4",
"DP04",117.0,"15.0 to 19.9 percent","2.2%","0.4","1.9%","0.3",
"DP04",118.0,"20.0 to 24.9 percent","1.3%","0.3","1.4%","0.4",
"DP04",119.0,"25.0 to 29.9 percent","0.5%","0.2","0.5%","0.2",
"DP04",120.0,"30.0 to 34.9 percent","0.6%","0.2","1.0%","0.2",
"DP04",121.0,"35.0 percent or more","1.3%","0.3","2.2%","0.3","*"
"DP04",122.0,"Not computed","261","**","24","**",
"DP04",122.3,,,,,,
"DP04",122.5,"GROSS RENT",,,,,
"DP04",123.0,"Renter-occupied units","95,387","3,105","102,092","2,368","*"
"DP04",124.0,"Less than $200","1.0%","0.3","0.7%","0.2",
"DP04",125.0,"$200 to $299","1.1%","0.3","1.1%","0.4",
"DP04",126.0,"$300 to $499","1.5%","0.4","3.4%","0.7","*"
"DP04",127.0,"$500 to $749","29.0%","1.8","22.4%","1.5","*"
"DP04",128.0,"$750 to $999","37.0%","1.8","41.6%","1.5","*"
"DP04",129.0,"$1,000 to $1,499","24.7%","1.7","23.1%","1.3",
"DP04",130.0,"$1,500 or more","3.1%","0.7","4.9%","0.8","*"
"DP04",131.0,"No cash rent","2,545","549","2,854","478",
"DP04",132.0,"Median (dollars)","849","**","868","**",
"DP04",132.3,,,,,,
"DP04",132.5,"GROSS RENT AS A PERCENTAGE OF HOUSEHOLD INCOME",,,,,
"DP04",133.0,"Renter-occupied units","95,387","3,105","102,092","2,368","*"
"DP04",134.0,"Less than 15.0 percent","8.1%","0.9","10.2%","1.2",
"DP04",135.0,"15.0 to 19.9 percent","12.1%","1.3","10.9%","1.2",
"DP04",136.0,"20.0 to 24.9 percent","11.0%","1.0","14.4%","1.2","*"
"DP04",137.0,"25.0 to 29.9 percent","11.6%","1.2","12.8%","1.3",
"DP04",138.0,"30.0 to 34.9 percent","10.0%","1.1","8.5%","0.9",
"DP04",139.0,"35.0 percent or more","42.3%","1.8","38.6%","2.0",
"DP04",140.0,"Not computed","4,805","940","4,623","725",
"DP05",0.0,,,,,,
"DP05",0.5,,,,,,
"DP05",0.8,,,,,,
"DP05",1.0,"Total population","682,943","8,517","683,079","4,738",
"DP05",2.0,"Male","49.3%","0.4","48.8%","0.2",
"DP05",3.0,"Female","50.7%","0.4","51.2%","0.2",
"DP05",3.3,,,,,,
"DP05",4.0,"Under 5 years","7.9%","0.3","8.0%","0.1",
"DP05",5.0,"5 to 9 years","6.7%","0.3","6.5%","0.3",
"DP05",6.0,"10 to 14 years","6.7%","0.3","6.9%","0.3",
"DP05",7.0,"15 to 19 years","6.9%","0.2","6.9%","0.1",
"DP05",8.0,"20 to 24 years","6.4%","0.3","6.5%","0.2",
"DP05",9.0,"25 to 34 years","15.9%","0.3","14.8%","0.2","*"
"DP05",10.0,"35 to 44 years","17.5%","0.3","17.5%","0.2",
"DP05",11.0,"45 to 54 years","14.6%","0.3","14.6%","0.2",
"DP05",12.0,"55 to 59 years","5.8%","0.3","5.7%","0.2",
"DP05",13.0,"60 to 64 years","4.3%","0.2","4.2%","0.2",
"DP05",14.0,"65 to 74 years","4.3%","0.1","4.6%","0.1","*"
"DP05",15.0,"75 to 84 years","2.2%","0.1","2.5%","0.1","*"
"DP05",16.0,"85 years and over","0.8%","0.1","1.1%","0.1","*"
"DP05",16.3,,,,,,
"DP05",17.0,"Median age (years)","34.7","**","35.2","**",
"DP05",17.3,,,,,,
"DP05",18.0,"18 years and over","74.4%","0.5","74.4%","0.2",
"DP05",19.0,"21 years and over","70.6%","0.5","70.4%","0.3",
"DP05",20.0,"62 years and over","9.8%","0.3","10.6%","0.2","*"
"DP05",21.0,"65 years and over","7.3%","0.2","8.2%","0.1","*"
"DP05",21.3,,,,,,
"DP05",22.0,"18 years and over","507,965","5,300","508,485","3,286",
"DP05",23.0,"Male","36.1%","0.4","35.7%","0.2",
"DP05",24.0,"Female","38.2%","0.4","38.8%","0.2",
"DP05",24.3,,,,,,
"DP05",25.0,"65 years and over","49,811","1,285","56,301","651","*"
"DP05",26.0,"Male","3.0%","0.1","3.3%","0.1","*"
"DP05",27.0,"Female","4.3%","0.1","4.9%","0.1","*"
"DP05",27.3,,,,,,
"DP05",27.5,"RACE",,,,,
"DP05",28.0,"Total population","682,943","8,517","683,079","4,738",
"DP05",29.0,"One race","675,654","8,742","675,709","5,115",
"DP05",30.0,"Two or more races","7,289","1,270","7,370","1,603",
"DP05",30.3,,,,,,
"DP05",31.0,"One race","98.9%","0.2","98.9%","0.2",
"DP05",32.0,"White","29.2%","0.8","34.7%","0.6","*"
"DP05",33.0,"Black or African American","56.9%","0.7","54.7%","0.4","*"
"DP05",34.0,"American Indian and Alaska Native","0.3%","0.1","0.2%","0.1",
"DP05",35.0,"Cherokee tribal grouping","N","N","N","N","N"
"DP05",36.0,"Chippewa tribal grouping","N","N","N","N","N"
"DP05",37.0,"Navajo tribal grouping","N","N","N","N","N"
"DP05",38.0,"Sioux tribal grouping","N","N","N","N","N"
"DP05",39.0,"Asian","5.0%","0.3","4.3%","0.1","*"
"DP05",40.0,"Asian Indian","21.1%","4.1","30.0%","4.8",
"DP05",41.0,"Chinese","15.7%","3.1","15.4%","4.1",
"DP05",42.0,"Filipino","3.7%","1.3","1.0%","0.4","*"
"DP05",43.0,"Japanese","1.3%","0.7","1.9%","0.8",
"DP05",44.0,"Korean","5.6%","1.8","7.9%","1.5",
"DP05",45.0,"Vietnamese","40.1%","5.1","32.5%","7.2",
"DP05",46.0,"Other Asian","12.6%","3.3","11.3%","3.2",
"DP05",47.0,"Native Hawaiian and Other Pacific Islander","0.1%","0.1","0.1%","0.1",
"DP05",48.0,"Native Hawaiian","N","N","N","N","N"
"DP05",49.0,"Guamanian or Chamorro","N","N","N","N","N"
"DP05",50.0,"Samoan","N","N","N","N","N"
"DP05",51.0,"Other Pacific Islander","N","N","N","N","N"
"DP05",52.0,"Some other race","8.5%","0.6","6.0%","0.6","*"
"DP05",53.0,"Two or more races","1.1%","0.2","1.1%","0.2",
"DP05",54.0,"White and Black or African American","19.7%","6.7","16.6%","6.5",
"DP05",55.0,"White and American Indian and Alaska Native","5.5%","2.3","11.9%","3.8",
"DP05",56.0,"White and Asian","14.0%","5.7","18.1%","7.2",
"DP05",57.0,"Black or African American and American Indian and Alaska Native","8.4%","3.2","7.4%","3.9",
"DP05",57.3,,,,,,
"DP05",57.5,"Race alone or in combination with one or more other races",,,,,
"DP05",58.0,"Total population","682,943","8,517","683,079","4,738",
"DP05",59.0,"White","29.6%","0.7","34.9%","0.6","*"
"DP05",60.0,"Black or African American","56.9%","0.7","54.7%","0.4","*"
"DP05",61.0,"American Indian and Alaska Native","0.5%","0.1","0.4%","0.1",
"DP05",62.0,"Asian","5.1%","0.3","4.6%","0.1","*"
"DP05",63.0,"Native Hawaiian and Other Pacific Islander","0.1%","0.1","N","N","N"
"DP05",64.0,"Some other race","8.8%","0.7","6.4%","0.5","*"
"DP05",64.3,,,,,,
"DP05",64.5,"HISPANIC OR LATINO AND RACE",,,,,
"DP05",65.0,"Total population","682,943","8,517","683,079","4,738",
"DP05",66.0,"Hispanic or Latino (of any race)","14.9%","0.7","10.6%","0.2","*"
"DP05",67.0,"Mexican","8.9%","0.7","6.0%","0.5","*"
"DP05",68.0,"Puerto Rican","0.4%","0.1","1.1%","0.4","*"
"DP05",69.0,"Cuban","0.3%","0.1","0.3%","0.1",
"DP05",70.0,"Other Hispanic or Latino","5.2%","0.6","3.3%","0.4","*"
"DP05",71.0,"Not Hispanic or Latino","85.1%","0.7","89.4%","0.2","*"
"DP05",72.0,"White alone","23.1%","0.5","30.3%","0.3","*"
"DP05",73.0,"Black or African American alone","55.9%","0.7","53.7%","0.3","*"
"DP05",74.0,"American Indian and Alaska Native alone","0.2%","0.1","0.1%","0.1","*"
"DP05",75.0,"Asian alone","4.9%","0.3","4.2%","0.1","*"
"DP05",76.0,"Native Hawaiian and Other Pacific Islander alone","0.1%","0.1","0.1%","0.1",
"DP05",77.0,"Some other race alone","0.3%","0.1","0.3%","0.1",
"DP05",78.0,"Two or more races","0.6%","0.1","0.7%","0.1",
"DP05",79.0,"Two races including Some other race","0.0%","0.1","0.1%","0.1",
"DP05",80.0,"Two races excluding Some other race, and Three or more races","0.6%","0.1","0.7%","0.1",
"DP05",80.3,,,,,,
"DP05",81.0,"Total housing units","276,052","2,636","283,322","1,643","*"

