<?xml version="1.0" encoding="UTF-8"?><document index="afc9999005"><field isStored="true" isTokenized="false" isIndexed="true" name="index" isTermVectorStored="false">afc9999005</field><field isStored="true" isTokenized="false" isIndexed="true" name="index" isTermVectorStored="false">all</field><field isStored="true" isTokenized="false" isIndexed="true" name="titlesort" isTermVectorStored="false">let me take my place at home again  </field><field isStored="true" isTokenized="false" isIndexed="true" name="namesort" isTermVectorStored="false">welliver, harry battin</field><field isIndexed="true" isStored="false" isTokenized="false" name="AFSNumber" isTermVectorStored="false">AFS 09707 A02</field><field isIndexed="true" isStored="false" isTokenized="true" name="default" isTermVectorStored="false">AFS 09707 A02</field><field isIndexed="true" isStored="false" isTokenized="false" name="AFSNumber" isTermVectorStored="false">9707</field><field isIndexed="true" isStored="false" isTokenized="false" name="afsnum" isTermVectorStored="false">9707</field><field isIndexed="true" isStored="false" isTokenized="true" name="memberOf" isTermVectorStored="false">afc9999005</field><field isIndexed="true" isStored="true" isTokenized="true" name="handle" isTermVectorStored="false">loc.afc.afc9999005.25261</field><field isIndexed="true" isStored="false" isTokenized="true" name="format" isTermVectorStored="false">sound recording</field><field isIndexed="true" isStored="false" isTokenized="true" name="fmt" isTermVectorStored="false">sound recording</field><field isIndexed="true" isStored="false" isTokenized="true" name="date" isTermVectorStored="false" type="date">19490131</field><field isIndexed="true" isStored="false" isTokenized="true" name="dateRecorded" isTermVectorStored="false">19490131</field><field isIndexed="true" isStored="false" isTokenized="false" name="date" isTermVectorStored="false" type="date">01-31-1949</field><field isIndexed="true" isStored="false" isTokenized="false" name="year" isTermVectorStored="false" type="date">1949</field><field isIndexed="true" isStored="false" isTokenized="false" name="yearmonth" isTermVectorStored="false" type="date">01-1949</field><field isIndexed="true" isStored="false" isTokenized="true" name="title" isTermVectorStored="false">Let me take my place at home again</field><field isIndexed="true" isStored="false" isTokenized="true" name="default" isTermVectorStored="false">Let me take my place at home again</field><field isIndexed="true" isStored="false" isTokenized="true" name="titleStarts" isTermVectorStored="false">lltr</field><field isIndexed="true" isStored="false" isTokenized="true" name="alltitles" isTermVectorStored="false">Let me take my place at home again</field><field isIndexed="true" isStored="false" isTokenized="true" name="name" isTermVectorStored="false">Welliver, Harry Battin 1910-</field><field isIndexed="true" isStored="false" isTokenized="true" name="default" isTermVectorStored="false">Welliver, Harry Battin 1910-</field><field isIndexed="true" isStored="false" isTokenized="false" name="fullname" isTermVectorStored="false">Welliver, Harry Battin 1910-</field><field isIndexed="true" isStored="false" isTokenized="true" name="recorder" isTermVectorStored="false">Welliver, Harry Battin 1910-</field><field isIndexed="true" isStored="false" isTokenized="true" name="role" isTermVectorStored="false">Recording engineer</field><field isIndexed="true" isStored="false" isTokenized="true" name="birthYear" isTermVectorStored="false">1910</field><field isIndexed="true" isStored="false" isTokenized="false" name="nameStarts" isTermVectorStored="false">wltr</field><field isIndexed="true" isStored="false" isTokenized="true" name="subject" isTermVectorStored="false">United States of America Michigan Mohawk</field><field isIndexed="true" isStored="false" isTokenized="true" name="default" isTermVectorStored="false">United States of America Michigan Mohawk</field><field isIndexed="true" isStored="true" isTokenized="true" name="geoSubject" isTermVectorStored="false">United States of America</field><field isIndexed="true" isStored="true" isTokenized="true" name="geoSubject" isTermVectorStored="false">United States of America Michigan Mohawk</field><field isIndexed="true" isStored="true" isTokenized="true" name="geoSubject" isTermVectorStored="false">United States of America Michigan</field><field isIndexed="true" isStored="false" isTokenized="false" name="subjectStarts" isTermVectorStored="false">ultr</field><field isIndexed="true" isStored="false" isTokenized="true" name="note" isTermVectorStored="false">Sung by Thomas J. M. W. Curtis.</field><field isIndexed="true" isStored="false" isTokenized="true" name="statementofresponsibility" isTermVectorStored="false">Sung by Thomas J. M. W. Curtis.</field><field isIndexed="true" isStored="false" isTokenized="true" name="default" isTermVectorStored="false">Sung by Thomas J. M. W. Curtis.</field><field isIndexed="true" isStored="false" isTokenized="true" name="note" isTermVectorStored="false">University of Michigan</field><field isIndexed="true" isStored="false" isTokenized="true" name="default" isTermVectorStored="false">University of Michigan</field><field isIndexed="true" isStored="false" isTokenized="true" name="form" isTermVectorStored="false">sound recording</field><field isIndexed="true" isStored="false" isTokenized="true" name="default" isTermVectorStored="false">sound recording</field><field isIndexed="true" isStored="false" isTokenized="true" name="language" isTermVectorStored="false">English</field><field isIndexed="true" isStored="false" isTokenized="true" name="default" isTermVectorStored="false">English</field><field isIndexed="true" isStored="false" isTokenized="false" name="AFSNumber" isTermVectorStored="false">AFS 09707 A02</field><field isIndexed="true" isStored="false" isTokenized="true" name="default" isTermVectorStored="false">AFS 09707 A02</field><field isIndexed="true" isStored="false" isTokenized="false" name="AFSNumber" isTermVectorStored="false">9707</field><field isIndexed="true" isStored="false" isTokenized="false" name="afsnum" isTermVectorStored="false">9707</field><field isIndexed="true" isStored="false" isTokenized="true" name="memberOf" isTermVectorStored="false">afc9999005</field><field isIndexed="true" isStored="true" isTokenized="true" name="thumbnail" isTermVectorStored="false">yes</field><field isIndexed="true" isStored="true" isTokenized="true" name="hasText" isTermVectorStored="false">none</field><field isIndexed="true" isStored="true" isTokenized="true" name="hasAudio" isTermVectorStored="false">none</field><field isIndexed="true" isStored="true" isTokenized="true" name="hasVideo" isTermVectorStored="false">none</field><field isIndexed="true" isStored="false" isTokenized="true" name="place" isTermVectorStored="false">Mohawk, Michigan</field><field isIndexed="false" isStored="true" isTokenized="false" name="searchresults" isTermVectorStored="false" type="xml"><results><profile>bibRecord</profile><place><state>Michigan</state><city>Mohawk</city></place><format>sound recording</format><fmt>sound recording</fmt><form>sound recording</form><nonSort/><title>Let me take my place at home again</title><primaryName><name>Welliver, Harry Battin</name><role>Recording engineer</role></primaryName><recordingengineer>Welliver, Harry Battin</recordingengineer><creatorNote>Sung by Thomas J. M. W. Curtis.</creatorNote><AFSNumber>AFS 09707 A02</AFSNumber><digitalID>loc.afc.afc9999005.25261</digitalID><thumbnail>http://lcweb4.loc.gov/natlib/ihas/service/afc9999005/AFS_9508_A1-9847_B6/0397h.jpg</thumbnail><textLink/><audioLink/><videoLink/></results></field><field isIndexed="true" isStored="false" isTokenized="true" name="genre" isTermVectorStored="false">[No genre]</field><field isIndexed="true" isStored="false" isTokenized="true" name="resourceType" isTermVectorStored="false">[No resourceType]</field><field isIndexed="true" isStored="false" isTokenized="true" name="membership" isTermVectorStored="false">[No membership]</field></document>