<?xml version="1.0" encoding="UTF-8"?>
<?xml-stylesheet type="text/xsl" href="billres.xsl"?>
<!--<?xml version="1.0" encoding="UTF-8"?>-->
<!--<?xml-stylesheet href="\billres.xsl" type="text/xsl"?>-->
<!--<!DOCTYPE bill PUBLIC "-//US Congress//DTDs/bill v2.8 20020720//EN" "http://thomas.loc.gov/dtd/bill.dtd">-->
<!DOCTYPE bill PUBLIC "-//US Congress//DTDs/bill v2.8 20020720//EN" "http://thomas.loc.gov/dtd/bill.dtd">
<bill bill-stage="Introduced-in-House" dms-id="H951060CA5A4C4555A80919462957A6E7" public-private="public" bill-type="olc"> 
<metadata xmlns:dc="http://purl.org/dc/elements/1.1/">
<dublinCore>
<dc:title>110 HR 5140 IH: Recovery Rebates and Economic Stimulus for the American People Act of 2008</dc:title>
<dc:publisher>U.S. House of Representatives</dc:publisher>
<dc:date>2008-01-28</dc:date>
<dc:format>text/xml</dc:format>
<dc:language>EN</dc:language>
<dc:rights>Pursuant to Title 17 Section 105 of the United States Code, this file is not subject to copyright protection and is in the public domain.</dc:rights>
</dublinCore>
</metadata>
<form> 
<distribution-code display="yes">I</distribution-code> 
<congress>110th CONGRESS</congress> <session>2d Session</session> 
<legis-num>H. R. 5140</legis-num> 
<current-chamber>IN THE HOUSE OF REPRESENTATIVES</current-chamber> 
<action> 
<action-date date="20080128">January 28, 2008</action-date> 
<action-desc><sponsor name-id="P000197">Ms. Pelosi</sponsor> (for herself, <cosponsor name-id="B000589">Mr. Boehner</cosponsor>, <cosponsor name-id="H000874">Mr. Hoyer</cosponsor>, <cosponsor name-id="B000575">Mr. Blunt</cosponsor>, <cosponsor name-id="C000537">Mr. Clyburn</cosponsor>, <cosponsor name-id="R000053">Mr. Rangel</cosponsor>, <cosponsor name-id="M000388">Mr. McCrery</cosponsor>, <cosponsor name-id="O000007">Mr. Obey</cosponsor>, <cosponsor name-id="F000339">Mr. Frank of Massachusetts</cosponsor>, <cosponsor name-id="B000013">Mr. Bachus</cosponsor>, <cosponsor name-id="E000287">Mr. Emanuel</cosponsor>, <cosponsor name-id="L000557">Mr. Larson of Connecticut</cosponsor>, <cosponsor name-id="G000377">Ms. Granger</cosponsor>, <cosponsor name-id="D000216">Ms. DeLauro</cosponsor>, <cosponsor name-id="M000725">Mr. George Miller of California</cosponsor>, and <cosponsor name-id="B000287">Mr. Becerra</cosponsor>) introduced the following bill; which was referred to the <committee-name committee-id="HWM00">Committee on Ways and Means</committee-name>, and in addition to the Committee on <committee-name committee-id="HBA00">Financial Services</committee-name>, for a period to be subsequently determined by the Speaker, in each case for consideration of such provisions as fall within the jurisdiction of the committee concerned</action-desc> 
</action> 
<legis-type>A BILL</legis-type> 
<official-title>To provide economic stimulus through recovery rebates to individuals, incentives for business investment, and an increase in conforming and FHA loan limits.</official-title> 
</form> 
<legis-body id="H1EA6ECBF2FA04D6CAC8572C166005D2C" style="OLC"> 
<section id="H7C53C8B1B1404C9C94EBB423EF13E720" section-type="section-one"><enum>1.</enum><header>Short title; table of contents</header> 
<subsection id="H11BD4FB8912D4FCD95228D3C5D9BF838"><enum>(a)</enum><header>Short title</header><text display-inline="yes-display-inline">This Act may be cited as the <quote><short-title>Recovery Rebates and Economic Stimulus for the American People Act of 2008</short-title></quote>.</text></subsection> 
<subsection id="H484D04FF10FF46C38F57FB055F43E11D"><enum>(b)</enum><header>Table of contents</header><text>The table of contents of this Act is as follows:</text> 
<toc container-level="legis-body-container" quoted-block="no-quoted-block" lowest-level="section" regeneration="yes-regeneration" lowest-bolded-level="division-lowest-bolded"> 
<toc-entry idref="H7C53C8B1B1404C9C94EBB423EF13E720" level="section">Sec. 1. Short title; table of contents.</toc-entry> 
<toc-entry idref="H497B663ADD574EA7BB666B00501CCB05" level="title">Title I—Recovery rebates and incentives for business investment</toc-entry> 
<toc-entry idref="H8C0A4D945FE3469AAD9FBDEBB1E7A1B0" level="section">Sec. 101. 2008 recovery rebates for individuals.</toc-entry> 
<toc-entry idref="H822F6894D1994F64AE4E65C780A0D673" level="section">Sec. 102. Temporary increase in limitations on expensing of certain depreciable business assets.</toc-entry> 
<toc-entry idref="HF7E85953FFC9411CA233068200BB764E" level="section">Sec. 103. Special allowance for certain property acquired during 2008.</toc-entry> 
<toc-entry idref="H5A8BBBC7EEDE430292B51FA071F461BB" level="title">Title II—Housing GSE and FHA Loan Limits</toc-entry> 
<toc-entry idref="H39725E2238A349BAB3A12637084C9C3D" level="section">Sec. 201. Temporary conforming loan limit increase for Fannie Mae and Freddie Mac.</toc-entry> 
<toc-entry idref="HD19FFBA0033A436AAB40BD6E79BC2783" level="section">Sec. 202. Temporary loan limit increase for FHA.</toc-entry> </toc></subsection></section> 
<title id="H497B663ADD574EA7BB666B00501CCB05"><enum>I</enum><header>Recovery rebates and incentives for business investment</header> 
<section id="H8C0A4D945FE3469AAD9FBDEBB1E7A1B0" section-type="subsequent-section"><enum>101.</enum><header>2008 recovery rebates for individuals</header> 
<subsection id="H08F7AC873C7D41A4860686B7D1592978"><enum>(a)</enum><header>In general</header><text display-inline="yes-display-inline"><external-xref legal-doc="usc" parsable-cite="usc/26/6428">Section 6428</external-xref> of the Internal Revenue Code of 1986 is amended to read as follows:</text> 
<quoted-block style="OLC" id="HA89666BB574C4F9195BC919800BDAB75" display-inline="no-display-inline"> 
<section id="H99081C8DFA614DFE89A0B08603319656"><enum>6428.</enum><header>2008 recovery rebates for individuals</header> 
<subsection id="H91F92EFF8A36434D8F7285E9B1091C5D"><enum>(a)</enum><header>In general</header><text>In the case of an eligible individual, there shall be allowed as a credit against the tax imposed by subtitle A for the first taxable year beginning in 2008 an amount equal to the lesser of—</text> 
<paragraph id="H98C39DEB48EA49D19F4C739E83088432"><enum>(1)</enum><text>net income tax liability, or</text></paragraph> 
<paragraph id="H2B96C0DB88FD49B492EE39189D6CF57D"><enum>(2)</enum><text>$600 ($1,200 in the case of a joint return).</text></paragraph></subsection> 
<subsection id="H8ECDE9A569124D32830077C5330274F4"><enum>(b)</enum><header>Special rules</header> 
<paragraph id="H1AD97489E07D4471009C924C05EAB343"><enum>(1)</enum><header>In general</header><text>In the case of a taxpayer described in paragraph (2)—</text> 
<subparagraph id="H2205CBE2096E4159A5F68253005096C8"><enum>(A)</enum><text>the amount determined under subsection (a) shall not be less than $300 ($600 in the case of a joint return), and</text></subparagraph> 
<subparagraph id="H16681CF48BC94344A3357F054629CAD5"><enum>(B)</enum><text>the amount determined under subsection (a) (after the application of subparagraph (A)) shall be increased by the product of $300 multiplied by the number of qualifying children (within the meaning of section 24(c)) of the taxpayer.</text></subparagraph></paragraph> 
<paragraph id="H11B1EFCED6DF4739A4609568836CC281"><enum>(2)</enum><header>Taxpayer described</header><text>A taxpayer is described in this paragraph if the taxpayer—</text> 
<subparagraph id="H5DB46B9E7C6C4079BF8C33F254B05327"><enum>(A)</enum><text>has earned income of at least $3,000, or</text></subparagraph> 
<subparagraph id="HC8E31E32C469461BA85C2CE034D9F905"><enum>(B)</enum><text>has—</text> 
<clause id="H666DFF48453F4C12BB48D940CA7FAE4"><enum>(i)</enum><text>net income tax liability which is greater than zero, and</text></clause> 
<clause id="H20F76B5F56C54583A248AB4040B447BD"><enum>(ii)</enum><text>gross income which is greater than the sum of the basic standard deduction plus the exemption amount (twice the exemption amount in the case of a joint return).</text></clause></subparagraph></paragraph></subsection> 
<subsection id="H9D1FAF5520DC474C9E3D5BEFC294CCC5"><enum>(c)</enum><header>Treatment of credit</header><text>The credit allowed by subsection (a) shall be treated as allowed by subpart C of part IV of subchapter A of chapter 1.</text></subsection> 
<subsection id="H36FD4ABF5D2C42E3B72CA589A88CA094"><enum>(d)</enum><header>Limitation based on adjusted gross income</header><text>The amount of the credit allowed by subsection (a) (determined without regard to this subsection and subsection (f)) shall be reduced (but not below zero) by 5 percent of so much of the taxpayer’s adjusted gross income as exceeds $75,000 ($150,000 in the case of a joint return).</text></subsection> 
<subsection id="H05C57AC19170494F9C48F311133BB99E"><enum>(e)</enum><header>Definitions</header><text>For purposes of this section—</text> 
<paragraph id="H11694CBBFD11431C888CAC35064E7BA"><enum>(1)</enum><header>Net income tax liability</header><text>The term <quote>net income tax liability</quote> means the excess of—</text> 
<subparagraph id="H40E287332C114FEF8CFEB1377D154BDB"><enum>(A)</enum><text>the sum of the taxpayer’s regular tax liability (within the meaning of section 26(b)) and the tax imposed by section 55 for the taxable year, over</text></subparagraph> 
<subparagraph id="HB1CCCDB5966F4CC99489E288C8A825BA"><enum>(B)</enum><text>the credits allowed by part IV (other than section 24 and subpart C thereof) of subchapter A of chapter 1.</text></subparagraph></paragraph> 
<paragraph id="H13EA107171064F8BA6B8237B8E87B7B3"><enum>(2)</enum><header>Eligible individual</header><text>The term <quote>eligible individual</quote> means any individual other than—</text> 
<subparagraph id="H17FEDC493786487FAA583E727538A705"><enum>(A)</enum><text>any nonresident alien individual,</text></subparagraph> 
<subparagraph id="H8AA854FB12E147DABDE09E9DF0910951"><enum>(B)</enum><text>any individual with respect to whom a deduction under section 151 is allowable to another taxpayer for a taxable year beginning in the calendar year in which the individual’s taxable year begins, and</text></subparagraph> 
<subparagraph id="HDBE9F7F627E44A02002C586353FDD6F"><enum>(C)</enum><text>an estate or trust.</text></subparagraph></paragraph> 
<paragraph id="H6DDA45658C97469A91A0C9DCEED99BE"><enum>(3)</enum><header>Earned income</header><text>The term <quote>earned income</quote> has the meaning set forth in section 32(c)(2) except that—</text> 
<subparagraph id="HDB450A215A4A4A309512BF54E7B4DCE" commented="no"><enum>(A)</enum><text>subclause (II) of subparagraph (B)(vi) thereof shall be applied by substituting <quote>January 1, 2009</quote> for <quote>January 1, 2008</quote>, and </text></subparagraph> 
<subparagraph id="H64C1C6767150488BAF7698005BFF3D85"><enum>(B)</enum><text>such term shall not include net earnings from self-employment which are not taken into account in computing taxable income.</text></subparagraph></paragraph> 
<paragraph id="H59B4266CEDE8411AA589CDEE38D97996"><enum>(4)</enum><header>Basic standard deduction; exemption amount</header><text display-inline="yes-display-inline">The terms <quote>basic standard deduction</quote> and <quote>exemption amount</quote> shall have the same respective meanings as when used in section 6012(a).</text></paragraph></subsection> 
<subsection id="H49F473CF8D364B0FAB0087E103C056F8"><enum>(f)</enum><header>Coordination with advance refunds of credit</header> 
<paragraph id="H937CA534A82A424CA845AD5E984BB843"><enum>(1)</enum><header>In general</header><text display-inline="yes-display-inline">The amount of credit which would (but for this paragraph) be allowable under this section shall be reduced (but not below zero) by the aggregate refunds and credits made or allowed to the taxpayer under subsection (g). Any failure to so reduce the credit shall be treated as arising out of a mathematical or clerical error and assessed according to section 6213(b)(1). </text></paragraph> 
<paragraph id="HE6249F8516CD4A30AE4E007B594C381D"><enum>(2)</enum><header>Joint returns</header><text>In the case of a refund or credit made or allowed under subsection (g) with respect to a joint return, half of such refund or credit shall be treated as having been made or allowed to each individual filing such return. </text></paragraph></subsection> 
<subsection id="H0880759EB59F4A33A1A1BF98D332EAB"><enum>(g)</enum><header>Advance refunds and credits</header> 
<paragraph id="H0C24B8DFEAD44C15B105E071FA01EFF"><enum>(1)</enum><header>In general</header><text display-inline="yes-display-inline">Each individual who was an eligible individual for such individual’s first taxable year beginning in 2007 shall be treated as having made a payment against the tax imposed by chapter 1 for such first taxable year in an amount equal to the advance refund amount for such taxable year. </text></paragraph> 
<paragraph id="H7AAF05F058C44472966E6CF6D27FFAA2"><enum>(2)</enum><header>Advance refund amount</header><text>For purposes of paragraph (1), the advance refund amount is the amount that would have been allowed as a credit under this section for such first taxable year if this section (other than subsection (f) and this subsection) had applied to such taxable year.</text></paragraph> 
<paragraph id="H82606FC2883349F6A8B4F671C02BA9B7"><enum>(3)</enum><header>Timing of payments</header><text>The Secretary shall, subject to the provisions of this title, refund or credit any overpayment attributable to this section as rapidly as possible. No refund or credit shall be made or allowed under this subsection after December 31, 2008.</text></paragraph> 
<paragraph id="H18C05B66F2C34882ABC5177F84BD496B"><enum>(4)</enum><header>No interest</header><text>No interest shall be allowed on any overpayment attributable to this section.</text></paragraph></subsection></section><after-quoted-block>.</after-quoted-block></quoted-block></subsection> 
<subsection id="H26A2250A8D8C4778AE199FBB4299C6BC" display-inline="no-display-inline"><enum>(b)</enum><header>Treatment of possessions</header> 
<paragraph id="H19EB45D635B6406DB65753A300646274"><enum>(1)</enum><header>Mirror code possession</header><text>The Secretary of the Treasury shall make a payment to each possession of the United States with a mirror code tax system in an amount equal to the loss to that possession by reason of the amendments made by this section. Such amount shall be determined by the Secretary of the Treasury based on information provided by the government of the respective possession.</text></paragraph> 
<paragraph id="HA0FFA24C78A648388E5E15CF1F22976F"><enum>(2)</enum><header>Other possessions</header><text>The Secretary of the Treasury shall make a payment to each possession of the United States which does not have a mirror code tax system in an amount estimated by the Secretary of the Treasury as being equal to the aggregate benefits that would have been provided to residents of such possession by reason of the amendments made by this section if a mirror code tax system had been in effect in such possession. The preceding sentence shall not apply with respect to any possession of the United States unless such possession has a plan, which has been approved by the Secretary of the Treasury, under which such possession will promptly distribute such payment to the residents of such possession.</text></paragraph> 
<paragraph id="HCD3A5ED3DD1D42688C91C0619D5BDC9C"><enum>(3)</enum><header>Definitions and special rules</header> 
<subparagraph id="HC587CAB4F5534A57A7CF0010252DB30"><enum>(A)</enum><header>Possession of the United States</header><text display-inline="yes-display-inline">For purposes of this subsection, the term <quote>possession of the United States</quote> includes the Commonwealth of Puerto Rico and the Commonwealth of the Northern Mariana Islands. </text></subparagraph> 
<subparagraph id="H27EE97DEA8574BC5A44C632E9DD1D7A0"><enum>(B)</enum><header>Mirror code tax system</header><text>For purposes of this subsection, the term <quote>mirror code tax system</quote> means, with respect to any possession of the United States, the income tax system of such possession if the income tax liability of the residents of such possession under such system is determined by reference to the income tax laws of the United States as if such possession were the United States.</text></subparagraph> 
<subparagraph id="H2F60D751D7344FABBFCBD7EEB351A7BD"><enum>(C)</enum><header>Treatment of payments</header><text>For purposes of <external-xref legal-doc="usc" parsable-cite="usc/31/1324">section 1324(b)(2)</external-xref> of title 31, United States Code, the payments under this subsection shall be treated in the same manner as a refund due from the credit allowed under <external-xref legal-doc="usc" parsable-cite="usc/26/6428">section 6428</external-xref> of the Internal Revenue Code of 1986 (as added by this section).</text></subparagraph></paragraph></subsection> 
<subsection id="H83316DCB07184B16B89C00234000A74D"><enum>(c)</enum><header>Appropriations To carry out recovery rebates</header> 
<paragraph id="H33D72E00DF384C2AA9C67C08005500B4"><enum>(1)</enum><header>In general</header><text>The following sums are hereby appropriated, out of any money in the Treasury not otherwise appropriated, for the fiscal year ending September 30, 2008, to implement the provisions of this section (including the amendments made by this section): </text> 
<subparagraph id="H2E74FBFC07AD40508F9DFDEA714C5976"><enum>(A)</enum><text>For an additional amount for “Department of the Treasury—Financial Management Service—Salaries and Expenses”, $52,510,000, to remain available until September 30, 2009. </text></subparagraph> 
<subparagraph id="H42B9F650885E44469E29793472EE3FE9"><enum>(B)</enum><text>For an additional amount for “Department of the Treasury—Internal Revenue Service—Taxpayer Services”, $48,920,000, to remain available until September 30, 2009. </text></subparagraph> 
<subparagraph id="H7BE999B4F1A549929B56DA6394AC4038"><enum>(C)</enum><text>For an additional amount for “Department of the Treasury—Internal Revenue Service—Operations Support”, $149,700,000, to remain available until September 30, 2009.</text></subparagraph></paragraph> 
<paragraph id="H890EC9DBCBFA4A5B9073FB8B48D6C833"><enum>(2)</enum><header>Reports</header><text>No later than 15 days after enactment of this Act, the Secretary of the Treasury shall submit a plan to the Committees on Appropriations of the House of Representatives and the Senate detailing the expected use of the funds provided by this subsection. Beginning 90 days after enactment of this Act, the Secretary of the Treasury shall submit a quarterly report to the Committees on Appropriations of the House of Representatives and the Senate detailing the actual expenditure of funds provided by this subsection and the expected expenditure of such funds in the subsequent quarter.</text></paragraph></subsection> 
<subsection id="H79B49F1B2CC74293835BF658C1CE4700"><enum>(d)</enum><header>Conforming amendments</header> 
<paragraph id="HECCCE6A524C4488700A473D4867EE5CA"><enum>(1)</enum><text>Paragraph (2) of <external-xref legal-doc="usc" parsable-cite="usc/31/1324">section 1324(b)</external-xref> of title 31, United States Code, is amended by inserting <quote>or 6428</quote> after <quote>section 35</quote>.</text></paragraph> 
<paragraph id="H1CFE405620624686B6D05FC2BA5F1CE"><enum>(2)</enum><text>Paragraph (1) of <external-xref legal-doc="usc" parsable-cite="usc/26/1">section 1(i)</external-xref> of the Internal Revenue Code of 1986 is amended by striking subparagraph (D).</text></paragraph> 
<paragraph id="HC22D630E1B7745E0BB6732BAA22EB1D3"><enum>(3)</enum><text>The item relating to section 6428 in the table of sections for subchapter B of chapter 65 of such Code is amended to read as follows:</text> 
<quoted-block style="OLC" id="H7915EA3DA86140E89589C500E5D7D5C9" display-inline="no-display-inline"> 
<toc container-level="quoted-block-container" quoted-block="no-quoted-block" lowest-level="section" idref="HA89666BB574C4F9195BC919800BDAB75" regeneration="yes-regeneration" lowest-bolded-level="division-lowest-bolded"> 
<toc-entry idref="H99081C8DFA614DFE89A0B08603319656" level="section">Sec. 6428. 2008 recovery rebates for individuals.</toc-entry></toc><after-quoted-block>.</after-quoted-block></quoted-block></paragraph></subsection></section> 
<section id="H822F6894D1994F64AE4E65C780A0D673" section-type="subsequent-section"><enum>102.</enum><header>Temporary increase in limitations on expensing of certain depreciable business assets</header> 
<subsection id="HD5E88A6DE4CB4544AC8DB7CC48FC8C95"><enum>(a)</enum><header>In general</header><text display-inline="yes-display-inline">Subsection (b) of <external-xref legal-doc="usc" parsable-cite="usc/26/179">section 179</external-xref> of the Internal Revenue Code of 1986 (relating to limitations) is amended by adding at the end the following new paragraph: </text> 
<quoted-block style="OLC" id="HE061599702174DC780E184DE7552BD89" display-inline="no-display-inline"> 
<paragraph id="H12F52AD767DA49E98214C600921E901E"><enum>(7)</enum><header>Increase in limitations for 2008</header><text display-inline="yes-display-inline">In the case of any taxable year beginning in 2008—</text> 
<subparagraph id="H5DDA871E61B943978C19B21900CE9239"><enum>(A)</enum><text>the dollar limitation under paragraph (1) shall be $250,000, </text></subparagraph> 
<subparagraph id="HB0569848CB9548A783D6BAC98649E8E3"><enum>(B)</enum><text>the dollar limitation under paragraph (2) shall be $800,000, and</text></subparagraph> 
<subparagraph id="HB9B49A2395C749E9A437C64E84A4F177"><enum>(C)</enum><text>the amounts described in subparagraphs (A) and (B) shall not be adjusted under paragraph (5).</text></subparagraph></paragraph><after-quoted-block>.</after-quoted-block></quoted-block></subsection> 
<subsection id="HC72C1AD73FAF413784007733FB608EBD"><enum>(b)</enum><header>Effective date</header><text>The amendment made by this section shall apply to taxable years beginning after December 31, 2007.</text></subsection></section> 
<section id="HF7E85953FFC9411CA233068200BB764E"><enum>103.</enum><header>Special allowance for certain property acquired during 2008</header> 
<subsection id="H0774B60D60D2485100ED06D6514BCE22"><enum>(a)</enum><header>In general</header><text display-inline="yes-display-inline">Subsection (k) of <external-xref legal-doc="usc" parsable-cite="usc/26/168">section 168</external-xref> of the Internal Revenue Code of 1986 (relating to special allowance for certain property acquired after September 10, 2001, and before January 1, 2005) is amended—</text> 
<paragraph id="H15F79029DA0C41A29D3F5CE6C25F04B0"><enum>(1)</enum><text>by striking <quote>September 10, 2001</quote> each place it appears and inserting <quote>December 31, 2007</quote>,</text></paragraph> 
<paragraph id="H5869DD1275394AABA113B9538776F005"><enum>(2)</enum><text>by striking <quote>September 11, 2001</quote> each place it appears and inserting <quote>January 1, 2008</quote>,</text></paragraph> 
<paragraph id="H503C0778063F4349BFE5F7842D4BC87"><enum>(3)</enum><text>by striking <quote>January 1, 2005</quote> each place it appears and inserting <quote>January 1, 2009</quote>, and</text></paragraph> 
<paragraph id="H1E7E243A32C64212A7693F98FA6DC7C"><enum>(4)</enum><text>by striking <quote>January 1, 2006</quote> each place it appears and inserting <quote>January 1, 2010</quote>.</text></paragraph></subsection> 
<subsection id="H93ECB5C356A1405EB9227DD1464287FC"><enum>(b)</enum><header>50 percent allowance</header><text display-inline="yes-display-inline">Subparagraph (A) of section 168(k)(1) of such Code is amended by striking <quote>30 percent</quote> and inserting <quote>50 percent</quote>.</text></subsection> 
<subsection id="H16CE7A72D7B6435D9ECED74D8571545F"><enum>(c)</enum><header>Conforming amendments</header> 
<paragraph id="HE3F6BCBEAFB847538DA62F61E61E5946"><enum>(1)</enum><text display-inline="yes-display-inline">Subclause (I) of section 168(k)(2)(B)(i) of such Code is amended by striking <quote>and (iii)</quote> and inserting <quote>(iii), and (iv)</quote>.</text></paragraph> 
<paragraph id="HA3AC78555C4C47159600BB9D6358D11F"><enum>(2)</enum><text display-inline="yes-display-inline">Subclause (IV) of section 168(k)(2)(B)(i) of such Code is amended by striking <quote>clauses (ii) and (iii)</quote> and inserting <quote>clause (iii)</quote>.</text></paragraph> 
<paragraph id="H3A145DDDA3C94F6EA6E045F166E2BBAA"><enum>(3)</enum><text>Clause (i) of section 168(k)(2)(C) of such Code is amended by striking <quote>and (iii)</quote> and inserting <quote>, (iii), and (iv)</quote>.</text></paragraph> 
<paragraph id="HA0E709CA9F314B6BACE900FD4BBB51C0"><enum>(4)</enum><text>Clause (i) of section 168(k)(2)(F) of such Code is amended by striking <quote>$4,600</quote> and inserting <quote>$8,000</quote>.</text></paragraph> 
<paragraph id="HF9BEE18C23B0445BB65B79DC5078F6AD"><enum>(5)</enum> 
<subparagraph id="H182DB6D1BDD14479A1881507BB88CEE1" display-inline="yes-display-inline"><enum>(A)</enum><text>Subsection (k) of section 168 of such Code is amended by striking paragraph (4).</text></subparagraph> 
<subparagraph id="H8F827CBBB2174B4FB4513E0021C0009C" indent="up1"><enum>(B)</enum><text>Clause (iii) of section 168(k)(2)(D) of such Code is amended by striking the last sentence.</text></subparagraph></paragraph> 
<paragraph id="H0EBBE09288C54EC7BDC3770F0DA948E"><enum>(6)</enum><text>Paragraph (4) of section 168(l) of such Code is amended by redesignating subparagraphs (A), (B), and (C) as subparagraphs (B), (C), and (D) and inserting before subparagraph (B) (as so redesignated) the following new subparagraph:</text> 
<quoted-block style="OLC" id="H56EC606D81D04770831EF8140437081D" display-inline="no-display-inline"> 
<subparagraph id="HB55FF4111D4240B8917F63BDA96FC0BF"><enum>(A)</enum><header>Bonus depreciation property under subsection (k)</header><text display-inline="yes-display-inline">Such term shall not include any property to which section 168(k) applies.</text></subparagraph><after-quoted-block>.</after-quoted-block></quoted-block></paragraph> 
<paragraph id="H528B35371B8D46C984BBD61EA48D7027"><enum>(7)</enum><text>Paragraph (5) of section 168(l) of such Code is amended—</text> 
<subparagraph id="H75C3712F38CB43AB8293822C119BD11"><enum>(A)</enum><text>by striking <quote>September 10, 2001</quote> in subparagraph (A) and inserting <quote>December 31, 2007</quote>, and</text></subparagraph> 
<subparagraph id="H1320D3E8429B43D8BE089963A5C09DBC"><enum>(B)</enum><text>by striking <quote>January 1, 2005</quote> in subparagraph (B) and inserting <quote>January 1, 2009</quote>. </text></subparagraph></paragraph> 
<paragraph id="HF5C175F845AF4EA1BB88C12DA270765"><enum>(8)</enum><text>Subparagraph (D) of section 1400L(b)(2) of such Code is amended by striking <quote>January 1, 2005</quote> and inserting <quote>January 1, 2010</quote>.</text></paragraph> 
<paragraph id="H4CDB22A384D740FEAFA85E43CE612EC2"><enum>(9)</enum><text>Paragraph (3) of section 1400N(d) of such Code is amended—</text> 
<subparagraph id="H04AF93EAF67D483DA500651121EBFEF2"><enum>(A)</enum><text>by striking <quote>September 10, 2001</quote> in subparagraph (A) and inserting <quote>December 31, 2007</quote>, and</text></subparagraph> 
<subparagraph id="HC6A28CDDA6F34B5589B9B3E949076F70"><enum>(B)</enum><text>by striking <quote>January 1, 2005</quote> in subparagraph (B) and inserting <quote>January 1, 2009</quote>.</text></subparagraph></paragraph> 
<paragraph id="HAE0F150F8C3F41D39EABBCBE762DE2D6"><enum>(10)</enum><text>Paragraph (6) of section 1400N(d) of such Code is amended by adding at the end the following new subparagraph:</text> 
<quoted-block style="OLC" id="H35CEB097BBD241C2BA9DF0F07C765032" display-inline="no-display-inline"> 
<subparagraph id="H6D1454361FF74257AD086552CA280000"><enum>(E)</enum><header>Exception for bonus depreciation property under section <enum-in-header>168(k)</enum-in-header></header><text display-inline="yes-display-inline">The term <quote>specified Gulf Opportunity Zone extension property</quote> shall not include any property to which section 168(k) applies.</text></subparagraph><after-quoted-block>.</after-quoted-block></quoted-block></paragraph> 
<paragraph id="H3EDDF6394BCC47DAB0BE0060595DE7FE"><enum>(11)</enum><text>The heading for subsection (k) of section 168 of such Code is amended—</text> 
<subparagraph id="H81691ABCF3CF4D3CB1B4BAE29885C5E7"><enum>(A)</enum><text>by striking <quote><header-in-text level="subsection" style="OLC">September 10, 2001</header-in-text></quote> and inserting <quote><header-in-text level="subsection" style="OLC">December 31, 2007</header-in-text></quote>, and</text></subparagraph> 
<subparagraph id="H56181E96B3DD415EA9210350F8552BBD"><enum>(B)</enum><text>by striking <quote><header-in-text level="subsection" style="OLC">January 1, 2005</header-in-text></quote> and inserting <quote><header-in-text level="subsection" style="OLC">January 1, 2009</header-in-text></quote>.</text></subparagraph></paragraph> 
<paragraph id="HCD566F5AA07A4414A6D7A1C2624CB012"><enum>(12)</enum><text>The heading for clause (ii) of section 168(k)(2)(B) of such Code is amended by striking <quote><header-in-text level="clause" style="OLC">pre-January 1, 2005</header-in-text></quote> and inserting <quote><header-in-text level="clause" style="OLC">pre-January 1, 2009</header-in-text></quote>.</text></paragraph></subsection> 
<subsection id="H75F7E16EDB564B3DBDC26FF9190400DD"><enum>(d)</enum><header>Effective date</header><text>The amendments made by this section shall apply to property placed in service after December 31, 2007, in taxable years ending after such date.</text></subsection></section></title> 
<title id="H5A8BBBC7EEDE430292B51FA071F461BB"><enum>II</enum><header>Housing GSE and FHA Loan Limits</header> 
<section id="H39725E2238A349BAB3A12637084C9C3D"><enum>201.</enum><header>Temporary conforming loan limit increase for Fannie Mae and Freddie Mac</header> 
<subsection id="H346B5839317B4E638F957B2637402312"><enum>(a)</enum><header>Increase of high cost areas limits for housing GSEs</header><text display-inline="yes-display-inline">For mortgages originated during the period beginning on July 1, 2007, and ending at the end of December 31, 2008:</text> 
<paragraph id="H6BE00E07AE9142B8A5D78136914C6478"><enum>(1)</enum><header>Fannie Mae</header><text display-inline="yes-display-inline">With respect to the Federal National Mortgage Association, notwithstanding section 302(b)(2) of the Federal National Mortgage Association Charter Act (<external-xref legal-doc="usc" parsable-cite="usc/12/1717">12 U.S.C. 1717(b)(2)</external-xref>), the limitation on the maximum original principal obligation of a mortgage that may be purchased by the Association shall be the higher of—</text> 
<subparagraph id="H2B470BFD67DD405300E1E9305CDCF6B4"><enum>(A)</enum><text display-inline="yes-display-inline">the limitation for 2008 determined under such section 302(b)(2) for a residence of the applicable size; or</text></subparagraph> 
<subparagraph id="HC48F9C4FD72947CDA7E359E9B5FDE752"><enum>(B)</enum><text display-inline="yes-display-inline">125 percent of the area median price for a residence of the applicable size, but in no case to exceed 175 percent of the limitation for 2008 determined under such section 302(b)(2) for a residence of the applicable size.</text></subparagraph></paragraph> 
<paragraph id="H061AC07D794140A2A701EC99796DA4BB"><enum>(2)</enum><header>Freddie Mac</header><text display-inline="yes-display-inline">With respect to the Federal Home Loan Mortgage Corporation, notwithstanding section 305(a)(2) of the Federal Home Loan Mortgage Corporation Act (<external-xref legal-doc="usc" parsable-cite="usc/12/1454">12 U.S.C. 1454(a)(2)</external-xref>), the limitation on the maximum original principal obligation of a mortgage that may be purchased by the Corporation shall be the higher of—</text> 
<subparagraph id="HB410CEB0EAD94909B3A790D131BC16DB"><enum>(A)</enum><text>the limitation determined for 2008 under such section 305(a)(2) for a residence of the applicable size; or</text></subparagraph> 
<subparagraph id="H1954B9750C284C58B3E08B8000203B84"><enum>(B)</enum><text>125 percent of the area median price for a residence of the applicable size, but in no case to exceed 175 percent of the limitation determined for 2008 under such section 305(a)(2) for a residence of the applicable size.</text></subparagraph></paragraph></subsection> 
<subsection id="H0FDC291C13094B1BB3058D00F748D800"><enum>(b)</enum><header>Determination of limits</header><text display-inline="yes-display-inline">The areas and area median prices used for purposes of the determinations under subsection (a) shall be the areas and area median prices used by the Secretary of Housing and Urban Development in determining the applicable limits under section 202 of this title.</text></subsection> 
<subsection id="H4FA2600C53144E2C92C830CDAF321728"><enum>(c)</enum><header>Rule of construction</header><text display-inline="yes-display-inline">A mortgage originated during the period referred to in subsection (a) that is eligible for purchase by the Federal National Mortgage Association or the Federal Home Loan Mortgage Corporation pursuant to this section shall be eligible for such purchase for the duration of the term of the mortgage, notwithstanding that such purchase occurs after the expiration of such period.</text></subsection> 
<subsection id="H0E1933AA4D7640859CDE03F671228E39"><enum>(d)</enum><header>Effect on housing goals</header><text>Notwithstanding any other provision of law, mortgages purchased in accordance with the increased maximum original principal obligation limitations determined pursuant to this section shall not be considered in determining performance with respect to any of the housing goals established under section 1332, 1333, or 1334 of the Housing and Community Development Act of 1992 (<external-xref legal-doc="usc" parsable-cite="usc/12/4562-4">12 U.S.C. 4562–4</external-xref>), and shall not be considered in determining compliance with such goals pursuant to section 1336 of such Act (<external-xref legal-doc="usc" parsable-cite="usc/12/4566">12 U.S.C. 4566</external-xref>) and regulations, orders, or guidelines issued thereunder.</text></subsection> 
<subsection id="HA5DB84B49747445AAB625C00C475D145"><enum>(e)</enum><header>Sense of Congress</header><text display-inline="yes-display-inline">It is the sense of the Congress that the securitization of mortgages by the Federal National Mortgage Association and the Federal Home Loan Mortgage Corporation plays an important role in providing liquidity to the United States housing markets. Therefore, the Congress encourages the Federal National Mortgage Association and the Federal Home Loan Mortgage Corporation to securitize mortgages acquired under the increased conforming loan limits established in this section, to the extent that such securitizations can be effected in a timely and efficient manner that does not impose additional costs for mortgages originated, purchased, or securitized under the existing limits or interfere with the goal of adding liquidity to the market.</text></subsection></section> 
<section id="HD19FFBA0033A436AAB40BD6E79BC2783"><enum>202.</enum><header>Temporary loan limit increase for FHA</header> 
<subsection id="H2260A10B62EB40FFBAE812E5F800D4BA"><enum>(a)</enum><header>Increase of high-cost area limit</header><text display-inline="yes-display-inline">For mortgages for which the mortgagee has issued credit approval for the borrower on or before December 31, 2008, subparagraph (A) of section 203(b)(2) of the National Housing Act (<external-xref legal-doc="usc" parsable-cite="usc/12/1709">12 U.S.C. 1709(b)(2)(A)</external-xref>) shall be considered (except for purposes of section 255(g) of such Act (<external-xref legal-doc="usc" parsable-cite="usc/12/1715z-20">12 U.S.C. 1715z–20(g)</external-xref>)) to require that a mortgage shall involve a principal obligation in an amount that does not exceed the lesser of—</text> 
<paragraph id="H8DEE0721E5CA4CD700CE43D6EDA3040"><enum>(1)</enum><text>in the case of a 1-family residence, 125 percent of the median 1-family house price in the area, as determined by the Secretary; and in the case of a 2-, 3-, or 4-family residence, the percentage of such median price that bears the same ratio to such median price as the dollar amount limitation determined for 2008 under section 305(a)(2) of the Federal Home Loan Mortgage Corporation Act (<external-xref legal-doc="usc" parsable-cite="usc/12/1454">12 U.S.C. 1454(a)(2)</external-xref>) for a 2-, 3-, or 4-family residence, respectively, bears to the dollar amount limitation determined for 2008 under such section for a 1-family residence; or</text></paragraph> 
<paragraph id="H72ADA0E370DA4AC0B6BA17AAA1B760AD"><enum>(2)</enum><text>175 percent of the dollar amount limitation determined for 2008 under such section 305(a)(2) for a residence of the applicable size (without regard to any authority to increase such limitation with respect to properties located in Alaska, Guam, Hawaii, or the Virgin Islands);</text></paragraph><continuation-text continuation-text-level="subsection">except that the dollar amount limitation in effect under this subsection for any size residence for any area shall not be less than the greater of (A) the dollar amount limitation in effect under such section 203(b)(2) for the area on October 21, 1998; or (B) 65 percent of the dollar amount limitation determined for 2008 under such section 305(a)(2) for a residence of the applicable size. Any reference in this subsection to dollar amount limitations in effect under section 305 (a)(2) of the Federal Home Loan Mortgage Corporation Act means such limitations as in effect without regard to any increase in such limitation pursuant to section 201 of this title.</continuation-text></subsection> 
<subsection id="HB244DFA9722D4D1EA063E156A5E5787B"><enum>(b)</enum><header>Discretionary authority</header><text>If the Secretary of Housing and Urban Development determines that market conditions warrant such an increase, the Secretary may, for the period that begins upon the date of the enactment of this Act and ends at the end of the date specified in subsection (a), increase the maximum dollar amount limitation determined pursuant to subsection (a) with respect to any particular size or sizes of residences, or with respect to residences located in any particular area or areas, to an amount that does not exceed the maximum dollar amount then otherwise in effect pursuant to subsection (a) for such size residence, or for such area (if applicable), by not more than $100,000.</text></subsection> 
<subsection id="H6525A711EC844E52BA9828011BB83CD7"><enum>(c)</enum><header>Publication of area median prices and loan limits</header><text>The Secretary of Housing and Urban Development shall publish the median house prices and mortgage principal obligation limits, as revised pursuant to this section, for all areas as soon as practicable, but in no case more than 30 days after the date of the enactment of this Act. With respect to existing areas for which the Secretary has not established area median prices before such date of enactment, the Secretary may rely on existing commercial data in determining area median prices and calculating such revised principal obligation limits.</text></subsection></section></title> 
</legis-body> 
</bill> 


