<?xml version="1.0"?>
<metadata>
  <idinfo>
    <citation>
      <citeinfo>
        <origin>Inter-American Institute for Global Change Research, IAI</origin>
        <pubdate>2000</pubdate>
        <title>A Corrente do Brasil ao largo da costa leste brasileira</title>
        <edition>v. 48, n. 2</edition>
        <geoform>scientific article/publication</geoform>
        <pubinfo>
          <publish>Revista Brasileira de Oceanografia</publish>
        </pubinfo>
        <othercit>p. 171-183</othercit>
        
        <onlink></onlink>
        
        
        <Data_Set_Link>
          <URL></URL>
          <Label></Label>
          <Link_Note></Link_Note>
        </Data_Set_Link>
        
      </citeinfo>
    </citation>
    <descript>
      <abstract>A Corrente do Brasil ao largo da costa leste brasileira</abstract>
      <purpose></purpose>
      <supplinf></supplinf>
    </descript>
    <timeperd>
      <timeinfo>
        <rngdates>
          <begdate>20000101</begdate>
          <enddate></enddate>
        </rngdates>
      </timeinfo>
    </timeperd>
    <status>
      <progress>Completed</progress>
      <update></update>
    </status>
    <spdom>
      <bounding>
        <westbc> </westbc>
        <eastbc></eastbc>
        <northbc></northbc>
        <southbc></southbc>
      </bounding>
    </spdom>
    <keywords>
      <theme>
        <themekt>Parameter_Sensor_Source</themekt>
        
        <themekey>||</themekey>
        
        
        <themekt>Parameter</themekt>
        
        <themekey></themekey>
        
        
        <themekt>Source</themekt>
        
        <themekey></themekey>
        
        
        <themekt>Sensor</themekt>
        
        <themekey></themekey>
        
      </theme>
      
    </keywords>
    
    <ptcontac>
      <cntinfo>
        <cntperp>
          <cntper>Dr. Edmo J.d. Campos</cntper>
        </cntperp>
        <cntemail>edmo@io.usp.br</cntemail>
      </cntinfo>
    </ptcontac>
    
    <browse>
      <browsen></browsen>
      <browsed></browsed>
      <URL></URL>
      <Label></Label>
      <Link_Note></Link_Note>
    </browse>
    
    <secinfo>
      <secclass>No On-line Access</secclass>
    </secinfo>
    
    <crossref>
      <citation>
        <citeinfo>
          <origin></origin>
          <pubdate></pubdate>
          <title></title>
          <edition></edition>
          <pubinfo>
            <publish></publish>
          </pubinfo>
          <othercit></othercit>
          
          <onlink></onlink>
          
          
          <Data_Set_Link>
            <URL></URL>
            <Label></Label>
            <Link_Note></Link_Note>
          </Data_Set_Link>
          
        </citeinfo>
      </citation>
    </crossref>
    
  </idinfo>
  <dataqual>
    <complete></complete>
    <cloud></cloud>
  </dataqual>
  <distinfo>
    <distrib>
      <cntinfo>
        <cntperp>
          <cntper>Dr. Edmo J.d. Campos</cntper>
        </cntperp>
        <cntemail>edmo@io.usp.br</cntemail>
      </cntinfo>
    </distrib>
    <stdorder>
      <digform>
        <digtinfo>
          <formname></formname>
          <formvern></formvern>
          <filedec></filedec>
        </digtinfo>
        <digtopt>
          <onlinopt>
            <computer>
              <networka>
                <networkr></networkr>
                <networkl></networkl>
              </networka>
            </computer>
            <accinstr></accinstr>
          </onlinopt>
        </digtopt>
      </digform>
    </stdorder>
    <techpreq></techpreq>
  </distinfo>
  <metainfo>
    <metd>20060118</metd>
    <metrd>20060118</metrd>
    <metc>
      <cntinfo>
        <cntorgp>
          <cntper>Fabio Henrique</cntper>
        </cntorgp>
        <cntperp>
          <cntper>Fabio Henrique</cntper>
        </cntperp>
        <cntemail>fabio@dir.iai.int</cntemail>
      </cntinfo>
    </metc>
    <metstdn>FGDC Content Standard for Digital Geospatial Metadata</metstdn>
    <metac></metac>
    <metuc></metuc>
  </metainfo>

  
</metadata>
