<?xml version="1.0" encoding="iso-8859-1"?>
<!DOCTYPE x_tags PUBLIC "-//ORNLDAAC//DTD theLBAProject:metadata//EN"
"http://daac.ornl.gov/data/bluangel_harvest/metadata.dtd">

<?ornlmercury Creation_datetime="20070821 180219"
 Creation_IP="72.169.229.33" DTD_version="metadata07.dtd"
 OME_version="Version 4.7.5, Revision Date: 04 Apr 2006"
 simpleSaveXMLlength="27592"
 File_revision="20080819 152724"?>
<x_tags>
 <Team_Information>
  <Investigation_Team>
   <Team_ID><![CDATA[LC-23 (Morisette / Schroeder / Pereira)]]></Team_ID>
   <Investigator>
    <Name><![CDATA[Morisette, Jeffrey Thomas]]></Name>
    <Email><![CDATA[jeff.morisette@nasa.gov]]></Email>
   </Investigator>
   <Investigator>
    <Name><![CDATA[Pereira, Joao Antonio Raposo]]></Name>
    <Email><![CDATA[jraposo@ibama.gov.br]]></Email>
   </Investigator>
   <Investigator>
    <Name><![CDATA[Schroeder, Wilfrid]]></Name>
    <Email><![CDATA[schroeder@hermes.geog.umd.edu]]></Email>
   </Investigator>
   <Investigator>
    <Name><![CDATA[Csiszar, Ivan Andras]]></Name>
    <Email><![CDATA[icsiszar@hermes.geog.umd.edu]]></Email>
   </Investigator>
   <Investigator>
    <Name><![CDATA[Giglio, Louis]]></Name>
    <Email><![CDATA[giglio@hades.gsfc.nasa.gov]]></Email>
   </Investigator>
   <Investigator>
    <Name><![CDATA[Morton, Douglas Christopher]]></Name>
    <Email><![CDATA[morton@geog.umd.edu]]></Email>
   </Investigator>
  </Investigation_Team>
  <Contact_Person>
   <Name><![CDATA[Schroeder, Wilfrid]]></Name>
   <Email><![CDATA[schroeder@hermes.geog.umd.edu]]></Email>
  </Contact_Person>
  <LBA_Science_Component><![CDATA[Land Use and Land Cover]]></LBA_Science_Component>
  <Metadata_Author>
   <Name><![CDATA[Schroeder, Wilfrid]]></Name>
   <Email><![CDATA[schroeder@hermes.geog.umd.edu]]></Email>
   <Phone><![CDATA[1 301 405 8298]]></Phone>
  </Metadata_Author>
 </Team_Information>
 <Data_Set_Information>
  <Data_Set_Title><![CDATA[LBA-ECO LC-23 Characterizing Vegetation Fire Dynamics for Brazil: 2001-2003]]></Data_Set_Title>
  <Activity><![CDATA[LBA-ECO]]></Activity>
  <Project><![CDATA[LBA (Large-Scale Biosphere-Atmosphere Experiment in the Amazon)]]></Project>
  <Site_Information>
   <Site><![CDATA[Brazil]]></Site>
   <Region><![CDATA[Brazil]]></Region>
   <Westernmost_Longitude><![CDATA[-74]]></Westernmost_Longitude>
   <Easternmost_Longitude><![CDATA[-34.8]]></Easternmost_Longitude>
   <Northernmost_Latitude><![CDATA[5.3]]></Northernmost_Latitude>
   <Southernmost_Latitude><![CDATA[-33.75]]></Southernmost_Latitude>
   <Geodetic_Datum><![CDATA[World Geodetic System, 1984 (WGS-84)]]></Geodetic_Datum>
  </Site_Information>
  <Time_Period>
   <Temporal_Coverage>
    <Start_Date><![CDATA[20010101]]></Start_Date>
    <End_Date><![CDATA[20031231]]></End_Date>
   </Temporal_Coverage>
   <Temporal_Resolution><![CDATA[Daily]]></Temporal_Resolution>
  </Time_Period>
  <Parameter_Description>
   <Topic><![CDATA[BIOSPHERE]]></Topic>
   <Term><![CDATA[ECOLOGICAL DYNAMICS]]></Term>
   <Parameter><![CDATA[FIRE OCCURRENCE]]></Parameter>
   <Sensor><![CDATA[MODIS (MODERATE-RESOLUTION IMAGING SPECTRORADIOMETER)]]></Sensor>
   <Source><![CDATA[TERRA (MORNING EQUATORIAL CROSSING TIME SATELLITE)]]></Source>
  </Parameter_Description>
  <Parameter_Description>
   <Topic><![CDATA[BIOSPHERE]]></Topic>
   <Term><![CDATA[ECOLOGICAL DYNAMICS]]></Term>
   <Parameter><![CDATA[FIRE CHARACTERISTICS]]></Parameter>
   <Sensor><![CDATA[MODIS (MODERATE-RESOLUTION IMAGING SPECTRORADIOMETER)]]></Sensor>
   <Source><![CDATA[AQUA (AFTERNOON EQUATORIAL CROSSING TIME SATELLITE)]]></Source>
  </Parameter_Description>
  <Parameter_Description>
   <Topic><![CDATA[LAND SURFACE]]></Topic>
   <Term><![CDATA[SURFACE RADIATIVE PROPERTIES]]></Term>
   <Parameter><![CDATA[REFLECTANCE]]></Parameter>
   <Sensor><![CDATA[AVHRR (ADVANCED VERY HIGH RESOLUTION RADIOMETER)]]></Sensor>
   <Source><![CDATA[NOAA-12 (NATIONAL OCEANIC & ATMOSPHERIC ADMINISTRATION-12)]]></Source>
  </Parameter_Description>
  <Keywords><![CDATA[Vegetation Fires]]></Keywords>
  <Keywords><![CDATA[Satellite inter-comparison]]></Keywords>
  <Keywords><![CDATA[Brazilian Ecosystems]]></Keywords>
  <Keywords><![CDATA[Brazilian Amazon]]></Keywords>
  <Keywords><![CDATA[BR163]]></Keywords>
  <Keywords><![CDATA[Br230]]></Keywords>
  <Keywords><![CDATA[AVHRR]]></Keywords>
  <Keywords><![CDATA[NOAA-12]]></Keywords>
  <Keywords><![CDATA[MODIS]]></Keywords>
  <Keywords><![CDATA[Terra]]></Keywords>
  <Keywords><![CDATA[Aqua]]></Keywords>
 <Description><![CDATA[Satellite fire detection was determined from two sensors the Advanced Very High Resolution Radiometer (AVHRR) on NOAA-12 and the Moderate Resolution Imaging Spectroradiometer (MODIS) on both the Terra and Aqua platforms, for 2001- 2003 to characterize fire activity in Brazil, giving special emphasis to the Amazon region. 

Active fire data for AVHRR/NOAA-12 was produced using a fixed threshold fire detection technique based on the algorithm developed by the Centro de Previsao do Tempo e Estudos Climaticos (CPTEC/INPE) (Setzer and Pereira, 1991; Setzer et al., 1994; Setzer and Malingreau, 1996). 

Active fire data for MODIS/Terra and MODIS/Aqua was produced using a contextual fire detection technique based on NASA-University of Maryland algorithm (Justice et al., 2003; Giglio et al.2003).

Resulting fire counts were compared for major biomes of Brazil (Figure 1), the nine states of the Legal Amazon (e.g., Tocantins, Figure 2), and two important road corridors in the Amazon region (Figure 3). In evaluating the daily fire counts, there is a dependence on variations in satellite viewing geometry, overpass time, atmospheric conditions, and fire characteristics (Schroeder et al., 2005). 

The data provided are the coordinates of daily active vegetation fires in Brazil for 2001 through 2003 at 1km resolution for both AVHRR and MODIS sensors.  Data are provided in both Arcview (shape file format) and ASCII comma separated file formats. Vector files for the major biomes of Brazil, the nine states of the Legal Amazon, and two important road corridors in the Amazon region are also included. ]]></Description>
  <Data_Last_Modified><![CDATA[20040426]]></Data_Last_Modified>
 </Data_Set_Information>
 <Data_Access_Information>
  <Data_Set_Status><![CDATA[Archived]]></Data_Set_Status>
  <Data_Set_Restrictions><![CDATA[Public]]></Data_Set_Restrictions>
  <Data_Set_Location><![CDATA[ORNL DAAC]]></Data_Set_Location>
  <Data_Center_Contact><![CDATA[ORNL DAAC User Services (ornldaac@ornl.gov)]]></Data_Center_Contact>
  <Data_Center_URL><![CDATA[http://daac.ornl.gov]]></Data_Center_URL>
 <Data_Set_Citation><![CDATA[Schroeder, W., J.T. Morisette, I.A. Csiszar, L. Giglio, D.C. Morton and C.O. Justice. 2007. LBA-ECO LC-23 Characterizing Vegetation Fire Dynamics for Brazil: 2001-2003. Data set. Available on-line [http://www.daac.ornl.gov] from Oak Ridge National Laboratory Distributed Active Archive Center, Oak Ridge, Tennessee, U.S.A. doi:10.3334/ORNLDAAC/843.]]></Data_Set_Citation>
  <Data_Set_Link>
   <URL><![CDATA[ftp://lba.cptec.inpe.br/lba_documented/LC/LC23_Vegetation_Fire_Dynamics/data/]]></URL>
   <Label><![CDATA[Active fire data 2001-2003: AVHRR/NOAA-12, MODIS/Terra and MODIS/Aqua*2003 only (aqua*.*, noaa12*.*, terra*.*)]]></Label>
  </Data_Set_Link>
  <Data_Set_Link>
   <URL><![CDATA[ftp://lba.cptec.inpe.br/lba_documented/LC/LC23_Vegetation_Fire_Dynamics/data/]]></URL>
   <Label><![CDATA[Vector layers: buffer zones (buffer*.zip)]]></Label>
  </Data_Set_Link>
  <Data_Set_Link>
   <URL><![CDATA[ftp://lba.cptec.inpe.br/lba_documented/LC/LC23_Vegetation_Fire_Dynamics/data/amazon_states.zip]]></URL>
   <Label><![CDATA[Vector layers: amazon states (amazon_states.zip)]]></Label>
  </Data_Set_Link>
  <Data_Set_Link>
   <URL><![CDATA[ftp://lba.cptec.inpe.br/lba_documented/LC/LC23_Vegetation_Fire_Dynamics/data/ecosystem.zip]]></URL>
   <Label><![CDATA[Vector layers: major Brazilian ecosystems (ecosystem.zip)]]></Label>
  </Data_Set_Link>
  <Data_Set_Link>
   <URL><![CDATA[ftp://daac.ornl.gov/data/lba/land_use_land_cover_change/LC23_Vegetation_Fire_Dynamics/data]]></URL>
   <Label><![CDATA[LC-23 Vegetation Fire Characterization data (ftp at ORNL DAAC)]]></Label>
  </Data_Set_Link>
  <Data_Set_Link>
   <URL><![CDATA[http://daac.ornl.gov/cgi-bin/cart/order.pl?ds_id=843]]></URL>
   <Label><![CDATA[LC-23 Vegetation Fire Characterization data (ORNL DAAC user interface)]]></Label>
  </Data_Set_Link>
 </Data_Access_Information>
 <Poster_Link>
  <URL><![CDATA[]]></URL>
  <Label><![CDATA[]]></Label>
 </Poster_Link>
 <Search_Text_Link>
  <URL><![CDATA[ftp://lba.cptec.inpe.br/lba_documented/LC/LC23_Vegetation_Fire_Dynamics/comp/readme_aqua.txt]]></URL>
  <Label><![CDATA[readme_aqua.txt]]></Label>
 </Search_Text_Link>
 <Search_Text_Link>
  <URL><![CDATA[ftp://lba.cptec.inpe.br/lba_documented/LC/LC23_Vegetation_Fire_Dynamics/comp/readme_terra.txt]]></URL>
  <Label><![CDATA[readme_terra.txt]]></Label>
 </Search_Text_Link>
 <Search_Text_Link>
  <URL><![CDATA[ftp://lba.cptec.inpe.br/lba_documented/LC/LC23_Vegetation_Fire_Dynamics/comp/readme_noaa.txt]]></URL>
  <Label><![CDATA[readme_noaa.txt]]></Label>
 </Search_Text_Link>
 <Search_Text_Link>
  <URL><![CDATA[http://daac.ornl.gov/LBA/guides/LC23_Vegetation_Fire_Dynamics.html]]></URL>
  <Label><![CDATA[Data Set User's Guide]]></Label>
 </Search_Text_Link>
 <Other_Link>
  <URL><![CDATA[]]></URL>
  <Label><![CDATA[]]></Label>
 </Other_Link>
 <Data_Set_Inventory_ID><![CDATA[LC23_Vegetation_Fire_Dynamics]]></Data_Set_Inventory_ID>
 <LBA_DIS_Archive>
  <URL><![CDATA[ftp://lba.cptec.inpe.br/lba_archives/LC/LC-23/Schroeder/fires_in_brazil/]]></URL>
  <Label><![CDATA[Original Data Directory: ftp://lba.cptec.inpe.br/lba_archives/LC/LC-23/Schroeder/fires_in_brazil/]]></Label>
  <Archive_Status><![CDATA[Public]]></Archive_Status>
 </LBA_DIS_Archive>
 <LBA_DIS_Archive>
  <URL><![CDATA[ftp://lba.cptec.inpe.br/lba_documented/LC/LC23_Vegetation_Fire_Dynamics]]></URL>
  <Label><![CDATA[Final, documented data at LBA DIS: ftp://lba.cptec.inpe.br/lba_documented/LC/LC23_Vegetation_Fire_Dynamics]]></Label>
  <Archive_Status><![CDATA[Public]]></Archive_Status>
 </LBA_DIS_Archive>
 <LBA_DIS_Archive>
  <URL><![CDATA[http://daac.ornl.gov/data/bluangel_harvest/LBA_Schroeder/fires_in_brazil2.xml]]></URL>
  <Label><![CDATA[Original LME file]]></Label>
  <Archive_Status><![CDATA[]]></Archive_Status>
 </LBA_DIS_Archive>
 <Related_Web_Site>
  <URL><![CDATA[]]></URL>
  <Label><![CDATA[]]></Label>
 </Related_Web_Site>
 <Related_Data_Set>
  <Data_Set_Title><![CDATA[]]></Data_Set_Title>
  <Relationship><![CDATA[]]></Relationship>
 </Related_Data_Set>
 <Related_Publication_Information>
  <Publication_Title><![CDATA[Characterizing Vegetation Fire Dynamics in Brazil through Multisatellite Data: Common Trends and Practical Issues]]></Publication_Title>
 <Publication_Authors><![CDATA[Schroeder, W., J.T. Morisette, I. Csiszar, L. Giglio, D. Morton, and C.O. Justice. ]]></Publication_Authors>
 <Publication_Abstract><![CDATA[Correctly characterizing the frequency and distribution of fire occurrence is essential for understanding the environmental impacts of biomass burning. Satellite fire detection is analyzed from two sensors-the Advanced Very High Resolution Radiometer (AVHRR) on NOAA-12 and the Moderate Resolution Imaging Spectroradiometer (MODIS) on both the Terra and Aqua platforms, for 2001-03-to characterize fire activity in Brazil, giving special emphasis to the Amazon region. In evaluating the daily fire counts, their dependence on variations in satellite viewing geometry, overpass time, atmospheric conditions, and fire characteristics were considered. Fire counts were assessed for major biomes of Brazil, the nine states of the Legal Amazon, and two important road corridors in the Amazon region. All three datasets provide consistent information on the timing of peak fire activity for a given state. Also, ranking by relative fire counts per unit area highlights the importance of fire in smaller biomes such as Complexo do Pantanal. The local analysis of road corridors shows trends for fire detections with the increasing intensity of land use. Although absolute fire counts differ by as much as 1200percnt, when summarized over space and time, trends in fire counts among the three datasets show clear patterns of fire dynamics. The fire dynamics that are evident in these trend analyses are important foundations for assessing environmental impacts of biomass burning and policy measures to manage fire in Brazil ]]></Publication_Abstract>
 <Publication_Citation><![CDATA[Schroeder, W., J.T. Morisette, I. Csiszar, L. Giglio, D. Morton, and C.O. Justice. 2005. Characterizing Vegetation Fire Dynamics in Brazil through Multisatellite Data: Common Trends and Practical Issues. Earth Interactions 9(13):1-26. 
]]></Publication_Citation>
 <Publication_Keywords><![CDATA[AMAZON;AREA;AVHRR;BIOMASS;BIOMASS BURNING;BRAZIL;BURNING;DATASET;DEPENDENCE;DYNAMICS;EVALUATING;FIRE;IMPACT;IMPACTS;INFORMATION;INTENSITY;LAND;LAND USE;LAND-USE;MODIS;PATTERN;PATTERNS;RADIOMETER;REGION;RESOLUTION;SATELLITE;SPACE;STATE;TIME;VEGETATION; ]]></Publication_Keywords>
  <ISBN_Number><![CDATA[http://dx.doi.org/10.1175/EI12 ]]></ISBN_Number>
  <Internal_Pub_ID><![CDATA[641 ]]></Internal_Pub_ID>
 </Related_Publication_Information>
 <Data_Set_Documentation>
 <Data_Set_Overview><![CDATA[Fire influences global change and tropical ecosystems through its connection to land cover dynamics, atmospheric composition, and the global carbon cycle. As such the climate change community, the Brazilian government, and the Large Scale Biosphere-Atmosphere study in Amazonia (LBA) are interested in the use of satellites to monitor and quantify fire occurrence throughout Brazil. As multiple satellite and algorithms are being utilized, it is important to quantify the accuracy of the derived products.]]></Data_Set_Overview>
 <Data_Characteristics><![CDATA[<p class=i2>The daily active fire data provide coordinates of vegetation fires in
Brazil at 1km resolution for both AVHRR and MODIS sensors. </p>
<p class=i2>
All files are in 
shape file format and can be used in GIS software such as Arcview. The 
various sub-files of the shape files have been zipped so that each zip file 
contains data for one shape file. The shape files are in geographic projection 
and in WGS-84 datum.</p>
<p class=i2>Fire counts were assessed for major biomes of Brazil, the nine 
states of the Legal Amazon, and two important road corridors in the Amazon 
region. Vector files for these features are also included and described below.</p>
<p class=i2>The data provided are the coordinates of daily active vegetation fires in
Brazil for 2001 through 2003 at 1km resolution for both AVHRR and MODIS sensors.  
Data are provided in both Arcview (shape file format) and ASCII comma separated 
file formats. Vector files for the major biomes of Brazil, the nine states of 
the Legal Amazon, and two important road corridors in the Amazon region are also 
included. </p>
<p class=i2> </p>
<p class=i2><u><b><font size=4>Active fire data available in Arcview shape file format.</font></b></u></p>

<blockquote>
	<p class=i2 style=margin-top: 0; margin-bottom: 0><b>File naming conventions are: 
	</b>satelliteplatform_year.* </p>
	<p class=i2 style=margin-top: 0; margin-bottom: 0> </p>
	<p class=i2 style=margin-top: 0; margin-bottom: 0><u><b>Where: </b></u>
	</p>
	<blockquote>
		<p class=i2 style=margin-top: 0; margin-bottom: 0>
		satelliteplatform =  aqua, noaa12, or terra</p>
		<p class=i2 style=margin-top: 0; margin-bottom: 0>
		year =                   
		2001, 2002, or 2003
		</p>
		<p class=i2 style=margin-top: 0; margin-bottom: 0>
		and file extensions are:  .dbf, .sbn, .sbx, .shp, .shx,<span style=font-size: 12.0pt; font-family: Times New Roman> 
		.prj</span></p>
		<p class=i2 style=margin-top: 0; margin-bottom: 0>
		 (Arcview shape file format)</p>
	</blockquote>
</blockquote>
<blockquote>
	<p class=i2><u><b>For example:</b></u></p>
	<p class=i2><b><u><span style=text-decoration:none lang=FR> </span></u></b><u>terra_2001.zip 
	contains the following files :</u></p>
	<blockquote>
		<p class=i2 style=margin-top: 0; margin-bottom: 0>terra_2001.dbf</p>
		<p class=i2 style=margin-top: 0; margin-bottom: 0>terra_2001.sbn</p>
		<p class=i2 style=margin-top: 0; margin-bottom: 0>terra_2001.sbx</p>
		<p class=i2 style=margin-top: 0; margin-bottom: 0>terra_2001.shp</p>
		<p class=i2 style=margin-top: 0; margin-bottom: 0>terra_2001.shx</p>
		<p class=i2 style=margin-top:0in;margin-right:0in;margin-bottom:0in;
margin-left:12.2pt;margin-bottom:.0001pt>terra_2001.prj</p>
	</blockquote>
</blockquote>
<p class=i2> </p>
<p class=i2><u><b><font size=4>Active fire
data available in comma separated ASCII format.</font></b></u></p>

<blockquote>
	<p class=i2 style=margin-top: 0; margin-bottom: 0><b>File naming conventions are: 
	</b>satelliteplatform_year.* </p>
	<p class=i2 style=margin-top: 0; margin-bottom: 0> </p>
	<p class=i2 style=margin-top: 0; margin-bottom: 0><u><b>Where: </b></u>
	</p>
	<blockquote>
		<p class=i2 style=margin-top: 0; margin-bottom: 0>
		satelliteplatform = aqua, noaa12, or terra</p>
		<p class=i2 style=margin-top: 0; margin-bottom: 0>
		year =                  2001, 2002, or 2003
				</p>
		<p class=i2 style=margin-top: 0; margin-bottom: 0>
		and file extensions are:  .txt (Comma separated ASCII files)</p>
	</blockquote>
	<p class=i2 style=margin-top: 0; margin-bottom: 0><b>aqua_2003.txt</b> has the following column headings: 
	</p>
	<blockquote>
		<p class=i2 style='margin-bottom:12.0pt'>Latitude =        latitude in decimal degrees
(+ north / - south) <br>Longitude =     longitude in decimal degrees (+ east / - west)
		<br>Brightness =    brightness temperature in Kelvin <br>Scan =            east-west pixel size in kilometers
		<br>Track =          north-south pixel size in kilometers
		<br>Acqdate =      acquisition date in yyyy-mm-dd
		<br>Time =           acquisition time in hhmm UTC
		<br>Satellite =       satellite name A = Aqua
		<br>Confidence = detection confidence value (0.0-100.0%) </p>
		<p class=i2 style='margin-bottom:12.0pt'> </p>
	</blockquote>
	<p class=i2 style='margin-bottom:0pt; margin-top:0'><b>Example Data Records
(aqua_2003.txt): </b></p>
	<blockquote>
		<table border=1 width=65% id=table1 cellpadding=3 bgcolor=#D5EAFF>
			<tr>
				<td>Latitude,Longitude,Brightness,Scan,Track,Acqdate,Time,Satellite,Confidence 
				<br>-29.4850,-49.8470,313.5000,1.7000,3.2000,2003-11-20,1630,A,0.0000 
				<br>-29.4730,-49.8510,311.8000,1.7000,3.2000,2003-11-20,1630,A,0.0000 
				<br>-27.2340,-48.8160,313.3000,1.6000,2.5000,2003-11-20,1630,A,64.0000 
				<br>...</td>
			</tr>
		</table>
	</blockquote>
	<p class=i2 style='margin-bottom:12.0pt'><br><br><b>terra_yyyy.txt</b> has the following column headings: 
	</p>
	<blockquote>
		<p class=i2 style='margin-bottom:12.0pt'>Latitude =      latitude in decimal degrees (+ north / - south)
		<br>Longitude =    longitude in decimal degrees (+ east / - west)
		<br>Brightness =   brightness temperature in Kelvin <br>Scan =           east-west pixel size in kilometers
		<br>Track =         north-south pixel size in kilometers
		<br>Acqdate =     acquisition date in yyyy-mm-dd <br>Time =           acquisition time in hhmm UTC
		<br>Satellite =       satellite name T = Terra
		<br>Confidence = detection confidence value (0.0-100.0%) </p>
		<p class=i2 style='margin-bottom:12.0pt'> </p>
	</blockquote>
	<p class=i2 style='margin-bottom:0; margin-top:0'><b>Example Data Record (terra_2001.txt):
	</b></p>
	<blockquote>
		<table border=1 width=65% id=table2 cellpadding=3 bgcolor=#D5EAFF>
			<tr>
				<td>Latitude,Longitude,Brightness,Scan,Track,Acqdate,Time,Satellite,Confidence 
				<br>-3.1270,-41.1000,330.4000,0.0000,0.0000,2001-09-24,1320,T,0.0000 
				<br>-3.7960,-38.4800,319.8000,0.0000,0.0000,2001-09-24,1320,T,0.0000 
				<br>-3.8400,-41.5190,351.4000,0.0000,0.0000,2001-09-24,1320,T,0.0000 
				<br>-3.8410,-41.5100,347.0000,0.0000,0.0000,2001-09-24,1320,T,0.0000 
				<br>...</td>
			</tr>
		</table>
	</blockquote>
	<p class=i2 style='margin-bottom:12.0pt'> </p>
	<p class=i2><b>noaa12_yyyy.txt</b> has the following column headings: </p>
	<blockquote>
		<p class=i2>Lat =              latitude in decimal degrees (+ north / - south)
		<br>Long =           longitude in decimal degrees (+ east / - west)
		<br>Date =           acquisition date yyyymmdd
		<br>Time =           acquisition time hhmmss UTC
		<br>Satellite =       satellite name <br>Municipality = municipality name 
		<br>State =           state name (AC = Acre, AM = Amazonas, AP = Amap&#195;&#131;&#198;&#146;&#195;&#130;&#194;&#161;, MA = Maranhao, MT =
Mato Grosso, PA = Para, RO = Rondonia, RR = Roraima, TO = Tocantins) <br>Country =       country name
		<br>Precipitation = 15 day accumulated precipitation in mm <br>Days_without_rain = days without rain
		<br>Fire_risk =      Fire risk <br>Persistence =   number of persistent detections
		</p>
	</blockquote>
	<p class=i2> </p>
	<p class=i2><b>Example Data Record (noaa12_2003.txt): </b></p>
	<table border=1 width=65% id=table3 cellpadding=3 bgcolor=#D5EAFF>
		<tr>
			<td>Lat,Long,Date,Time,Satellite,Municipality,State,Country,Precipitation,Days_without_rain,Fire_risk,Persistence
				<br>2.49500,-61.46000,20030101,191808,NOAA-12,Mucaja&#195;&#131;&#198;&#146;&#195;&#130;&#194;&#173;,RR,Brasil,25.66,7,0.462,0 
				<br>0.85167,-59.50000,20030101,191808,NOAA-12,Caroebe,RR,Brasil,31.23,7,0.131,0 
				<br>0.85333,-59.48667,20030101,191808,NOAA-12,Caroebe,RR,Brasil,31.23,7,0.131,0 
				<br>-2.19000,-44.64167,20030101,191808,NOAA-12,Guimar&#195;&#131;&#198;&#146;&#195;&#130;&#194;&#163;es,MA,Brasil,20.67,5,0.801,0
				<br>...</td>
		</tr>
	</table>
</blockquote>
<blockquote>
	<blockquote>
		<p class=i2> </p>
	</blockquote>
</blockquote>
<p class=i2><u><b><font size=4>Vector files describing physical features of 
study area.</font></b></u></p>
<blockquote>
	<blockquote>
		<p class=i2><b>Vector files defining the contours of the nine Brazilian Amazon states:</b></p>
		<blockquote>
			<p class=i2>Produced by the Instituto Brasileiro de Geografia e Estatistica (IBGE).
			</p>
			<p class=i2><u>Files are Arcview shape file format: </u></p>
			<p class=i2><u>a</u>mazon_states.zip contains the following files - </p>
			<blockquote>
				<p class=i2>amazon_states.dbf <br>amazon_states.shp <br>amazon_states.shx 
				<br>
				<span style=font-size: 12.0pt; font-family: Times New Roman>
				amazon_states.prj<br>
 </span></p>
			</blockquote>
		</blockquote>
		<p class=i2><b>Vector files defining the contours of the major Brazilian ecosystems:
		</b></p>
		<blockquote>
			<p class=i2>Produced by the Instituto Brasileiro de Meio Ambiente (IBAMA).</p>
			<p class=i2><u>Files are Arcview shape file format: </u></p>
			<p class=i2><u>e</u>cosystem.zip contains the following files -
			</p>
			<blockquote>
				<p class=i2 style=margin-top: 0; margin-bottom: 0>ecosystem.dbf<br>ecosystem.sbn 
				<br>ecosystem.sbx <br>ecosystem.shp 
			<br>ecosystem.shx
				<p class=i2 style=margin-top: 0; margin-bottom: 0>
				ecosystem.prj</blockquote>
			<p class=i2> </p>
		</blockquote>
		<p class=i2 style='margin-bottom:12.0pt'><b>Vector files defining buffer zones of 10km-50km along three corridors in the
Brazilian Amazon region showing different stages of development:</b> </p>
		<p class=i2 style='margin-bottom:12.0pt'><b>Filenames use the following conventions: 
		</b>bufferXXkm_stageY.dbf </p>
		<p class=i2 style='margin-bottom:12.0pt'><b>where: </b></p>
		<blockquote>
			<p class=i2 style='margin-bottom:12.0pt'>XX = the buffer distance in kilometers (10, 20, 30, 40, or 50) 
			<br>Y =   the Stage of development (I, II, III) <br>         
Stage I coincides with the main axis of highway BR-163. <br>         
Stages II and III coincide with the main axis of highway BR-230. </p>
			<p class=i2 style='margin-bottom:12.0pt'><u>Files are Arcview shape file format: </u></p>
			<blockquote>
				<p class=i2>buffer10km_stageI.zip contains the following files 
				&#195;&#162;&#195;&#175;&#194;&#191;&#194;&#189;&#226;�&#156; </p>
				<p class=i2 style='margin-bottom:0; margin-top:0'>buffer10km_stageI.dbf</p>
				<p class=i2 style='margin-bottom:0; margin-top:0'>buffer10km_stageI.sbn</p>
				<p class=i2 style='margin-bottom:0; margin-top:0'>buffer10km_stageI.shx</p>
				<p class=i2 style='margin-bottom:0; margin-top:0'>buffer10km_stageI.dbp</p>
				<p class=i2 style='margin-bottom:0; margin-top:0'>buffer10km_stageI.shx</p>
				<p class=i2 style=margin-top:0in;margin-right:0in;margin-bottom:0in;
margin-left:12.2pt;margin-bottom:.0001pt>buffer10km_stageI.prj</p>
			</blockquote>
			<p class=i2 style='margin-bottom:0; margin-top:0'>
			 </p>
		</blockquote>
	</blockquote>
</blockquote>
<p class=i2 style='margin-bottom:12.0pt'> </p>
]]></Data_Characteristics>
 <Data_Application_and_Derivation><![CDATA[Active fire data for AVHRR/NOAA-12 was produced using a fixed threshold fire detection technique based on the algorithm developed by the Centro de Previsao do Tempo e Estudos Climaticos (CPTEC/INPE)(Setzer and Pereira, 1991; Setzer et al., 1994; Setzer and Malingreau, 1996). Active fire data for MODIS/Terra and MODIS/Aqua was produced using a contextual fire detection technique based on NASA-University of Maryland algorithm (Justice et al., 2003; Giglio et al.2003).]]></Data_Application_and_Derivation>
 <Quality_Assessment><![CDATA[MODIS active fire data quality assessment information is available in the related paper:
Schroeder, W., J.T. Morisette, I. Csiszar, L. Giglio, D. Morton, and C.O. Justice. 2005. Characterizing Vegetation Fire Dynamics in Brazil through Multisatellite Data: Common Trends and Practical Issues. Earth Interactions 9(13):1-26. ]]></Quality_Assessment>
 <Data_Acquisition_Materials_and_Methods><![CDATA[Raw satellite imagery used to run detection algorithms by CPTEC/INPE and NASA/UMD. AVHRR/NOAA-12 images were received and archived by the Instituto Nacional de Pesquisas Espaciais (INPE) in Brazil; MODIS images were received and archived by NASA.]]></Data_Acquisition_Materials_and_Methods>
  <Data_Access></Data_Access>
 <References><![CDATA[Setzer, A. W., and Pereira, M. C., 1991, Operational detection of fires in Brazil with NOAA/AVHRR. 24th International Symposium on Remote Sensing of the Environment,Rio de Janeiro, Brazil (Ann Arbor, E.R.I.M.), 469-482.
 
Setzer, A.W., Pereira Jr, A.C. and Pereira, M.C., 1994, Satellite studies of biomass burning in Amazonia: some practical aspects. Remote Sensing Reviews, 10, 91-103.
 
Setzer, A. W., and Malingreau, J. P., 1996, AVHRR Monitoring of Vegetation Fires in the Tropics: Toward the Development of a Global Product. In Biomass Burning and Global Change, Vol. 1: Remote Sensing, Modeling and Inventory Development, and Biomass Burning in Africa, edited by J. S. Levine (MIT Press: Cambridge MA), pp. 25-39.
 
Justice, C. O, Giglio, L., Korontzi, S., Owens, J., Morisette, J. T., Roy, D., Descloitres, J., Alleaume, S., Petitcolin, F., and Kaufman, Y., 2002, The MODIS fire products. Remote Sensing of Environment, 83, 244-262.
 
Giglio, L., Descloitres, J., Justice, C. O., and Kaufman, Y., 2003, An enhanced contextual fire detection algorithm for MODIS. Remote Sensing of Environment, 47, 1311-1318.


Morisette, J.T., Giglio, L., Csiszar, I., Setzer, A., Schroeder, W., Morton, D., Justice, C.O., 2005, Validation of MODIS active fire detection products derived from two algorithms. Earth Interactions, 9,Paper No 9.]]></References>
 </Data_Set_Documentation>
</x_tags>
